customer_id,vehicle_type,seats_needed,is_ev_preferred,distance_km,booking_hour,day_of_week,price_range,vehicle_id
52,Van,7,0,150.89,2,1,0,12
93,Truck,8,1,96.58,22,3,2,26
15,EV,4,0,157.67,22,1,2,44
72,EV,2,0,150.52,1,6,2,44
61,Truck,7,0,122.9,8,5,1,21
21,Car,5,1,138.84,18,0,0,45
83,Truck,4,0,8.58,1,5,0,25
87,Bike,5,0,65.8,18,5,1,33
75,EV,7,1,129.38,1,4,1,5
75,Van,5,0,6.82,14,0,2,16
88,Bike,4,0,11.43,23,0,0,37
24,EV,7,0,171.12,20,0,1,45
3,Truck,2,1,138.38,2,5,2,24
22,Bike,4,0,56.75,4,3,0,32
53,EV,8,1,139.15,10,0,2,7
2,Car,4,1,159.53,23,2,0,47
88,Car,7,0,64.82,6,1,2,42
30,Van,4,1,12.03,5,3,0,14
38,EV,2,0,186.89,13,2,0,41
2,Car,2,0,72.31,0,5,0,49
64,Truck,8,0,25.76,16,5,0,29
60,EV,5,0,100.91,16,2,2,43
21,Truck,7,0,154.85,13,4,1,23
33,Truck,7,0,48.22,9,4,0,27
76,Car,5,0,57.55,7,2,0,42
58,EV,2,1,52.33,7,4,0,5
22,Bike,2,0,198.38,13,1,0,34
89,Car,4,1,43.49,6,1,2,41
49,Car,8,0,117.23,5,5,1,48
91,EV,8,0,185.43,3,4,1,43
59,EV,8,0,33.64,0,0,1,48
42,Truck,4,0,194.32,14,2,2,28
92,EV,8,0,189.76,14,1,1,41
60,Truck,5,1,177.49,0,6,2,28
80,Car,4,1,46.84,19,4,2,48
15,Van,5,1,128.64,2,6,0,11
62,Bike,4,0,153.37,22,4,2,35
62,Car,8,1,197.28,4,1,1,48
47,EV,5,0,40.18,4,1,1,43
62,Bike,5,0,154.38,3,0,1,31
51,Van,5,1,71.07,16,4,0,16
55,Van,4,1,39.25,20,4,0,18
64,Truck,7,0,87.17,19,3,0,25
3,Bike,8,0,159.8,13,5,2,33
51,Truck,5,0,95.65,7,0,1,20
7,Car,7,1,109.82,1,1,2,43
21,Bike,8,0,199.06,7,6,2,32
73,Car,8,1,82.83,0,1,1,46
39,Truck,5,0,125.0,3,2,0,29
18,Bike,5,0,76.22,18,5,1,34
4,Truck,4,0,81.59,4,1,2,22
89,Bike,7,0,140.65,4,4,2,31
60,Truck,7,0,187.89,20,1,0,21
14,Van,5,1,110.76,19,4,2,14
9,Truck,8,1,154.84,23,4,2,27
90,Van,5,1,22.4,18,0,1,17
53,Truck,8,1,46.18,11,1,0,24
2,Bike,8,1,102.92,19,0,1,31
84,Bike,5,0,8.9,0,6,1,33
92,Bike,2,1,54.31,6,6,1,36
60,EV,7,0,105.89,16,5,2,45
71,Car,8,0,7.92,1,4,2,49
44,Bike,8,0,56.59,10,6,0,36
8,Van,2,0,105.24,6,5,2,14
47,Bike,4,0,116.76,16,1,0,31
35,EV,2,1,185.52,2,5,1,8
78,Van,2,0,130.84,21,5,1,11
81,EV,8,0,85.87,5,1,2,47
36,Van,7,0,186.42,21,0,2,16
50,Truck,2,0,158.05,10,0,0,22
4,Car,4,0,44.0,17,4,2,43
2,Car,5,0,30.51,17,4,2,46
6,EV,2,0,136.78,21,1,2,43
54,Car,2,0,114.18,9,1,1,48
4,EV,4,1,158.99,4,3,2,7
54,EV,7,1,149.07,22,3,2,1
93,EV,2,0,126.92,22,2,1,40
63,Car,2,0,197.34,20,6,1,43
18,EV,7,0,109.05,23,4,1,48
90,Car,4,1,27.06,21,5,1,43
44,EV,2,0,166.51,14,6,2,44
34,Bike,7,0,54.11,20,2,2,30
74,EV,2,1,156.57,19,6,2,2
62,Van,5,0,191.64,22,2,0,13
14,EV,8,0,140.88,3,0,1,43
95,Truck,5,0,121.23,20,5,2,29
48,EV,2,1,94.78,20,0,2,6
15,Van,4,1,76.06,0,3,2,15
72,Van,8,1,73.84,14,2,1,17
78,Car,5,0,129.09,16,6,1,48
87,Bike,7,0,151.5,18,3,1,30
62,EV,4,1,137.31,13,5,2,1
40,Car,5,1,43.69,18,5,1,45
85,Bike,7,0,101.33,17,4,2,33
80,EV,2,1,159.37,1,1,0,4
82,Truck,7,0,97.76,5,0,1,20
53,EV,5,0,109.64,12,4,1,48
24,Van,5,1,155.37,16,6,2,12
26,Van,2,0,133.95,5,4,1,14
89,Truck,7,1,84.82,20,6,1,29
60,Car,7,0,179.61,21,0,2,40
41,Bike,2,0,36.7,4,0,2,37
29,EV,7,1,199.13,6,5,2,3
15,Van,2,1,28.18,0,5,0,10
45,Car,4,0,7.92,12,2,2,49
65,Truck,5,0,178.55,18,3,1,25
89,Van,4,1,52.77,21,5,0,10
71,Truck,8,0,147.29,0,4,2,22
9,EV,8,1,163.15,12,2,0,5
88,Bike,8,1,172.5,10,6,0,33
1,Van,2,0,198.36,6,2,1,16
8,Van,7,0,62.34,19,4,0,15
88,EV,4,0,143.5,2,5,2,42
63,Car,4,1,27.5,0,6,0,47
11,Bike,4,0,84.33,7,4,0,37
81,Van,4,0,170.35,16,1,1,11
8,Bike,8,0,76.69,12,5,1,36
35,Van,4,0,120.26,13,3,2,10
35,Bike,7,0,103.24,4,6,1,31
33,Truck,8,0,130.96,23,4,2,27
5,Van,4,1,194.71,21,5,2,10
41,Bike,2,1,15.87,22,0,1,31
28,Car,5,1,116.92,23,1,0,40
7,Truck,5,0,173.29,5,6,1,24
73,Truck,5,0,98.87,21,6,0,26
72,Car,8,1,20.31,5,3,0,45
12,Bike,4,0,114.31,20,5,2,35
34,EV,8,1,69.75,7,0,2,6
33,Car,7,1,35.21,12,5,1,47
48,Bike,2,0,170.56,17,0,0,34
23,Car,2,1,106.71,22,3,1,49
62,Car,5,1,186.99,3,1,2,46
88,Van,5,0,162.17,16,6,0,12
37,Bike,5,0,140.13,4,0,1,38
99,EV,4,0,5.98,2,2,1,49
44,Van,7,0,88.43,3,3,2,12
86,Car,7,0,43.51,22,3,2,45
91,Car,7,0,182.61,4,4,2,42
35,Car,7,1,39.04,13,1,2,40
65,Bike,5,0,60.78,14,2,1,30
99,Bike,2,0,105.78,19,2,2,32
47,Van,5,1,56.36,16,4,2,13
78,EV,7,0,45.92,5,0,1,41
3,Van,5,1,121.82,9,0,1,18
1,Truck,7,0,22.34,21,2,0,27
5,Car,8,0,16.34,22,1,1,42
90,Car,2,0,77.59,15,0,0,46
14,Car,8,1,145.53,16,3,2,43
27,Van,4,0,113.19,13,5,0,14
9,Van,5,1,87.46,19,4,0,13
79,Car,4,0,115.32,11,1,2,48
15,Van,5,0,76.26,8,0,2,16
90,Bike,8,0,187.55,14,5,2,33
42,Bike,7,1,15.71,11,2,0,37
77,Van,7,1,136.31,13,4,1,11
51,Car,5,0,178.8,21,0,1,46
63,Van,7,0,161.76,17,2,1,10
96,Van,8,0,40.89,19,0,2,17
52,Van,7,0,62.71,5,4,2,15
96,Truck,8,0,144.82,3,3,1,24
4,Bike,4,1,21.43,22,6,2,38
94,EV,8,1,163.31,11,3,0,9
23,EV,2,0,145.19,12,6,0,42
15,Truck,2,0,147.27,18,5,2,28
43,Van,2,1,24.55,21,2,1,18
29,Truck,5,1,144.96,12,6,1,21
36,Truck,5,0,137.56,11,3,0,24
13,Car,5,0,167.03,19,4,2,41
32,Bike,8,0,13.11,2,2,1,30
71,EV,5,0,9.51,2,0,1,46
59,Van,4,0,77.74,13,6,2,13
86,EV,2,0,34.01,17,6,2,44
28,EV,8,1,113.88,18,1,1,4
66,Bike,2,0,183.88,9,6,2,35
42,EV,5,0,81.34,16,6,2,41
45,EV,8,0,169.77,14,0,2,47
62,Truck,7,1,5.05,18,4,1,23
57,Bike,4,1,37.86,8,5,0,37
6,Car,5,0,10.93,3,2,2,42
28,Van,5,0,68.99,14,0,1,14
28,EV,4,1,182.1,18,2,0,3
44,Van,4,0,23.91,15,3,1,16
84,Car,7,0,123.25,7,1,1,42
30,Van,5,0,93.04,16,4,1,17
62,Car,5,0,188.0,20,0,0,48
75,Truck,2,0,28.89,0,1,1,21
92,EV,8,1,46.35,6,6,0,3
89,Car,8,1,10.76,20,4,2,46
62,Van,2,0,89.62,17,4,0,14
97,EV,8,1,59.18,11,5,1,7
1,Truck,4,0,174.63,15,3,0,21
27,EV,8,0,122.96,0,5,1,43
62,Car,8,0,124.75,14,5,2,40
77,Truck,2,1,108.72,6,2,0,24
3,Van,7,0,22.91,16,2,2,17
70,Truck,8,0,91.78,2,6,0,20
72,Truck,8,1,199.9,10,1,1,26
27,Bike,7,1,167.87,5,3,0,36
9,Truck,2,1,179.22,5,4,2,26
62,Truck,7,0,165.53,14,6,0,20
37,EV,2,0,25.09,6,3,2,42
97,Van,4,0,49.35,10,3,2,11
51,EV,2,0,5.61,16,1,1,44
44,EV,4,1,64.18,22,2,0,2
24,Car,4,0,26.18,17,3,2,44
79,EV,2,0,97.19,21,3,1,44
59,Bike,5,1,137.04,23,3,1,33
32,Bike,2,0,175.53,20,0,1,36
96,Car,8,0,151.1,18,3,2,49
88,Van,8,1,188.02,7,3,0,15
52,Van,5,1,15.51,23,4,2,11
62,EV,4,1,7.38,19,5,1,4
58,EV,5,0,133.96,7,0,2,46
52,EV,8,0,61.42,20,3,2,48
12,Van,5,1,54.43,10,5,1,18
39,Truck,2,0,69.52,20,3,0,22
2,Bike,5,0,57.61,2,1,1,30
3,Truck,4,1,104.73,22,1,1,28
56,Truck,2,0,90.83,13,5,2,27
81,Van,7,1,104.92,8,0,1,16
59,Truck,8,0,136.18,0,4,2,25
2,Car,8,0,80.49,0,0,1,49
2,EV,5,0,54.0,11,0,1,46
92,Car,2,1,37.41,10,1,0,48
54,Bike,7,0,73.15,20,1,1,35
87,EV,2,0,149.65,0,4,0,49
96,Truck,8,1,152.56,19,6,1,22
97,Bike,2,1,135.05,11,6,1,32
1,EV,7,1,50.64,16,6,1,4
19,Truck,5,0,119.68,14,3,0,29
2,Car,4,0,116.28,1,4,2,49
53,EV,2,1,99.43,17,3,0,8
44,Truck,4,1,112.25,15,5,1,29
90,Car,8,0,100.9,3,5,2,48
32,Bike,5,0,115.26,7,2,1,37
70,Bike,5,1,144.52,1,6,0,39
32,Bike,2,0,26.38,13,1,0,31
68,Bike,5,1,151.18,14,2,2,33
55,Van,2,0,31.5,8,2,0,13
75,EV,2,0,17.99,1,1,1,41
56,EV,4,1,195.34,16,2,2,8
17,Van,5,0,191.61,9,6,1,12
38,Truck,2,0,16.79,8,0,2,21
24,Truck,4,0,91.43,1,3,2,26
69,Bike,7,0,41.32,23,6,1,30
98,Car,4,1,99.64,18,4,0,45
70,Truck,4,1,166.88,16,1,1,22
86,Car,2,1,190.37,10,0,0,42
11,EV,8,0,128.68,16,5,0,44
16,Car,8,0,74.01,9,4,1,42
97,EV,8,0,122.65,17,4,2,43
73,Van,4,1,65.84,22,4,1,12
59,Van,2,1,182.42,5,2,2,16
70,Bike,5,1,174.73,15,2,0,32
80,Truck,4,0,113.86,17,2,2,29
93,Bike,4,0,68.34,19,6,1,33
3,EV,2,0,62.21,17,2,2,41
20,Bike,7,0,11.52,0,0,0,31
59,Car,4,0,164.09,2,2,0,48
36,EV,7,1,92.82,14,1,2,1
19,Van,7,0,68.4,19,4,0,10
90,Truck,8,0,96.87,9,0,0,29
67,EV,2,0,164.65,20,5,2,40
19,EV,7,1,29.3,4,2,0,3
20,Car,2,0,172.24,14,5,2,41
96,Truck,8,1,180.01,22,4,2,22
71,Van,2,1,189.61,13,0,0,14
52,EV,4,0,82.51,14,4,2,48
33,EV,7,1,47.34,9,5,0,2
40,Car,2,0,77.86,23,6,0,40
39,Bike,5,0,69.92,8,0,0,35
82,Van,2,1,39.35,11,3,1,12
1,Truck,7,1,123.42,6,6,0,26
11,EV,8,0,97.94,4,0,2,45
92,EV,8,0,173.81,23,2,2,46
57,Van,7,0,11.26,9,5,2,14
89,Bike,4,0,130.55,7,4,1,30
50,EV,4,0,153.78,21,4,1,42
23,Van,8,0,153.1,19,4,2,12
31,Car,8,0,177.78,15,1,2,46
94,Bike,7,1,147.16,11,1,1,32
42,Truck,4,0,185.92,8,2,2,24
99,EV,8,0,69.87,9,3,0,43
7,Van,4,0,103.13,15,1,0,13
16,Car,8,1,7.75,9,0,2,46
90,Truck,2,0,6.36,8,6,0,20
60,Van,5,0,51.82,2,5,2,16
2,Van,2,0,24.66,18,2,1,17
1,Truck,8,1,55.74,10,6,2,22
48,Car,5,0,39.52,5,3,1,42
12,Car,5,1,10.56,5,6,0,43
69,Bike,8,1,182.31,14,0,0,35
37,EV,8,1,6.6,14,4,0,7
32,Truck,4,1,148.54,12,1,2,20
9,Truck,8,0,34.67,21,0,1,23
99,Truck,7,0,182.88,4,3,1,26
19,Car,8,1,179.1,13,2,0,41
48,EV,7,0,132.51,20,6,0,40
80,Bike,8,0,136.09,1,0,1,30
3,Van,4,1,6.04,22,2,2,19
20,Van,7,0,197.05,11,4,0,15
24,Truck,2,0,176.18,19,3,2,24
54,EV,7,0,179.55,13,3,0,40
33,Car,4,0,133.55,18,6,0,49
24,EV,7,1,72.23,23,1,2,3
75,EV,8,0,179.26,19,5,2,46
72,Car,8,0,61.85,14,3,2,48
36,Truck,4,0,114.73,19,0,2,28
38,EV,5,1,24.45,23,0,1,6
84,Van,8,1,184.78,16,0,1,12
99,Car,2,0,32.45,13,4,0,40
89,Bike,4,1,48.85,22,3,0,32
99,Truck,7,0,113.84,17,3,0,29
25,Car,7,1,154.0,21,0,1,41
93,Bike,2,0,125.77,23,6,2,34
18,Bike,8,1,50.27,4,1,0,37
82,EV,4,0,5.18,21,6,1,44
66,EV,2,0,152.64,11,1,0,40
54,EV,8,0,197.12,9,3,1,42
35,Car,4,1,162.93,7,6,2,44
80,Car,7,0,94.74,5,3,1,46
61,Truck,4,1,181.23,14,2,2,24
41,EV,5,0,84.92,11,3,0,49
33,Bike,4,0,107.36,5,6,2,34
68,Van,5,0,98.04,11,0,1,16
33,Truck,4,1,92.29,14,5,0,27
14,Car,5,0,156.16,11,4,0,47
21,Truck,7,1,107.72,8,3,1,26
48,Truck,8,1,66.76,18,3,2,22
20,Truck,5,1,55.34,20,0,1,21
8,Truck,5,0,12.36,1,2,2,20
7,Van,7,1,118.72,12,5,2,15
67,EV,5,1,49.84,12,3,0,9
17,Bike,2,0,33.89,7,1,2,32
33,Truck,7,1,132.5,12,1,0,24
48,Truck,2,0,137.84,3,1,1,28
76,Truck,7,0,151.67,5,4,1,28
59,EV,5,0,103.2,5,4,0,46
86,Car,2,0,179.34,20,5,0,43
22,Car,5,0,187.59,11,3,2,41
30,Van,7,0,162.44,11,3,0,11
38,Car,5,1,128.94,16,3,1,43
51,Truck,2,0,64.23,6,4,0,20
54,Truck,2,0,196.67,14,5,0,23
8,Truck,5,0,58.46,23,3,0,25
27,Van,4,0,44.52,16,0,2,15
27,Truck,7,1,91.22,9,2,0,26
98,Car,7,0,16.08,22,6,2,44
21,EV,5,1,195.81,19,1,2,9
30,EV,4,0,119.74,5,1,0,41
97,Bike,2,1,113.61,8,0,2,31
28,Car,8,0,132.88,14,3,0,43
64,Truck,8,0,101.92,15,5,1,23
97,EV,5,1,11.25,20,5,1,4
69,Car,4,0,124.4,7,4,2,40
61,EV,4,1,144.65,15,3,1,4
48,Truck,7,1,86.27,4,5,0,24
19,EV,2,0,152.67,17,3,2,48
4,Bike,4,0,49.27,19,1,0,32
35,Bike,8,0,48.15,13,6,2,32
64,EV,2,1,36.48,1,6,2,5
49,Car,2,1,77.54,22,6,2,49
17,Car,5,0,170.17,22,1,2,45
44,Car,4,0,166.44,2,4,1,42
92,EV,5,0,79.65,13,6,1,40
30,Car,4,1,119.88,6,1,1,49
93,Truck,7,0,145.56,14,3,2,27
46,Bike,5,0,52.04,16,6,1,30
6,Truck,5,1,37.79,0,0,2,21
99,Car,8,0,194.56,8,4,1,42
37,Truck,5,0,125.42,21,0,2,25
24,Car,4,1,196.38,13,3,1,43
93,EV,8,1,70.86,15,4,1,4
46,Truck,5,0,142.09,20,0,1,28
53,EV,5,0,48.41,12,4,2,45
95,EV,7,0,55.93,5,3,2,41
99,Van,5,0,104.82,21,5,1,16
60,Car,2,1,67.33,0,6,2,42
97,Bike,8,0,37.69,20,4,0,38
63,Car,2,1,56.26,3,6,1,45
85,Bike,8,1,11.97,2,6,1,37
32,Car,7,0,142.36,16,5,0,40
87,EV,5,0,100.96,1,3,2,41
33,Truck,5,0,23.38,18,4,2,25
67,Truck,5,1,38.48,19,4,2,22
18,Van,8,1,24.99,22,5,1,10
25,Bike,5,0,124.46,21,1,1,35
95,Bike,2,1,23.37,7,5,1,34
54,Bike,5,0,152.09,14,5,1,38
58,EV,7,1,9.0,5,5,1,6
67,Bike,2,0,53.63,22,3,2,34
46,Truck,5,0,178.68,19,2,0,20
24,EV,5,1,145.11,1,5,2,1
32,Car,4,0,19.23,14,4,2,40
47,Bike,8,0,165.12,19,0,1,36
86,Bike,2,0,101.14,11,1,0,35
23,Car,4,0,170.12,2,5,0,44
66,Bike,7,0,122.14,9,5,2,33
27,Car,8,1,137.96,13,1,0,47
2,EV,2,0,198.73,21,5,2,47
90,Truck,5,0,50.31,13,4,2,24
17,Car,2,1,126.67,2,2,2,43
33,Van,5,0,94.76,0,5,2,11
9,Car,8,0,12.69,19,1,1,46
43,Bike,5,1,7.82,0,5,0,34
48,EV,7,1,28.25,1,3,1,3
39,EV,5,1,131.57,18,4,1,9
93,Car,7,1,115.6,23,4,1,48
42,Truck,8,0,112.92,9,2,2,29
26,Van,8,1,11.21,3,3,2,17
99,EV,2,0,96.51,3,3,1,40
50,Bike,7,1,185.3,12,2,1,32
25,Bike,7,0,82.53,8,6,0,31
24,Truck,4,1,126.86,6,6,1,23
13,EV,4,1,157.06,15,0,2,2
60,Car,4,1,157.87,17,6,1,47
7,Bike,5,0,106.26,2,5,0,30
57,Truck,4,0,172.3,19,3,0,23
36,EV,7,1,81.32,19,0,1,5
45,EV,5,1,178.3,9,0,0,4
20,EV,8,0,51.84,23,4,0,47
65,EV,2,1,59.64,21,5,2,2
8,EV,4,1,15.36,15,4,0,9
16,Bike,8,0,160.14,2,1,0,31
14,Truck,7,1,86.33,10,6,1,21
76,EV,2,0,49.68,9,4,2,41
87,Van,8,0,50.2,15,3,0,19
15,Van,2,0,180.77,7,3,1,17
92,Truck,4,0,167.61,8,5,1,22
98,Car,7,1,112.94,14,0,1,49
66,Car,2,0,125.14,20,3,1,49
32,Car,8,1,97.49,2,6,1,47
87,Van,4,1,81.37,3,4,1,16
63,Car,4,1,183.52,12,6,0,49
86,Bike,8,0,29.49,11,4,2,33
51,EV,8,1,86.6,20,5,2,7
25,Van,2,0,72.19,8,6,1,17
58,Truck,5,0,102.14,13,4,1,25
63,Truck,4,0,94.24,18,6,2,25
62,EV,2,0,106.18,6,2,0,42
22,Van,8,1,32.28,15,5,1,14
58,Car,2,0,105.06,21,5,2,49
58,Car,8,1,52.27,19,3,2,41
86,Bike,7,0,40.94,4,5,1,34
49,Bike,8,0,17.64,9,1,2,34
52,Car,8,1,153.72,17,3,0,46
42,Truck,8,1,88.35,10,3,2,23
70,Truck,5,0,127.2,6,6,1,25
15,Bike,8,0,146.88,13,2,1,38
54,EV,4,0,137.47,19,3,2,43
60,Car,4,0,96.75,17,0,2,45
97,Bike,2,1,80.64,10,4,1,38
8,Bike,5,1,78.31,21,4,0,39
53,Car,2,0,129.81,11,5,2,40
60,Car,4,1,101.48,17,6,0,47
5,Truck,4,0,170.58,1,2,0,20
68,EV,7,0,175.57,22,4,1,43
6,EV,8,0,38.26,0,0,1,42
96,Car,4,1,31.57,22,2,1,43
94,Van,2,0,127.93,9,1,0,16
47,Bike,2,0,63.74,20,4,1,38
99,Bike,8,0,8.62,0,3,1,38
55,Car,8,0,178.29,5,0,0,49
40,Van,7,1,49.25,6,6,0,10
52,Truck,5,0,186.21,16,6,0,29
16,Car,2,0,144.9,8,0,0,40
13,Car,8,1,153.72,6,4,2,48
30,Bike,2,1,44.28,16,5,1,33
19,Car,8,1,50.67,2,1,2,42
17,Car,4,0,106.65,15,3,0,48
63,Car,2,0,38.56,4,1,0,44
19,Bike,4,0,64.56,19,1,0,35
92,Truck,2,0,67.69,17,4,0,20
58,Truck,5,1,36.13,0,3,0,20
55,Car,7,0,45.01,3,4,1,46
90,Bike,4,0,158.77,22,4,2,39
90,Truck,8,0,37.6,10,5,2,27
62,Truck,5,0,10.55,19,0,1,27
23,Truck,2,1,127.72,8,6,1,26
9,Bike,4,0,195.32,7,5,1,38
12,Bike,2,0,69.59,7,6,2,30
1,Car,2,0,28.14,4,5,2,41
58,EV,2,0,116.23,11,4,0,42
1,Truck,7,0,181.74,0,5,2,24
34,EV,7,1,157.89,14,6,2,4
96,Bike,8,0,126.39,17,5,1,33
48,Bike,4,1,66.44,5,2,2,37
89,Bike,5,1,110.67,9,3,0,37
1,EV,5,1,22.79,13,0,2,7
16,Bike,5,1,137.39,20,6,1,30
61,Car,2,0,146.39,7,3,1,49
64,Bike,7,0,193.18,2,0,0,33
63,Van,4,0,55.78,21,2,0,10
69,EV,2,1,8.6,21,4,2,5
22,Van,7,1,111.39,18,6,0,12
93,Bike,7,1,142.82,11,0,0,32
67,Car,4,0,159.13,11,0,1,43
76,Truck,4,1,42.78,14,0,1,21
26,Bike,4,0,56.04,6,2,2,36
16,Car,2,0,104.96,3,3,2,43
51,EV,8,0,69.47,20,2,2,44
86,Van,4,0,172.8,8,0,2,11
57,Van,8,0,97.38,21,5,1,15
29,Van,2,0,160.92,15,0,2,18
78,EV,8,0,118.22,12,5,2,47
92,Car,5,1,155.75,3,4,0,47
69,EV,8,1,69.87,23,2,2,2
47,Van,4,1,167.13,8,5,0,13
94,Bike,2,0,58.54,20,2,1,37
62,Truck,4,1,111.49,17,1,2,20
69,EV,5,1,46.73,14,3,0,8
76,EV,4,0,97.73,14,1,2,42
16,Car,4,0,67.04,5,5,0,47
90,Car,4,0,57.01,10,1,2,45
90,EV,7,0,193.56,7,6,1,46
48,Van,5,1,36.21,20,3,1,11
85,Truck,4,1,158.53,16,5,0,20
39,Car,4,0,196.91,23,4,0,45
33,Van,4,1,8.88,16,4,1,12
94,Bike,2,1,141.31,23,3,2,33
23,Car,7,1,54.32,17,3,0,48
10,Van,2,0,12.9,3,5,1,12
69,Van,7,1,83.56,14,2,0,11
34,Truck,4,0,187.37,1,6,1,21
52,Truck,5,0,7.29,1,5,1,21
95,Bike,8,0,119.64,9,2,0,35
10,Van,8,0,102.77,2,2,0,11
19,Van,4,1,175.31,7,2,1,16
58,Truck,2,0,21.38,19,5,2,26
96,Car,5,0,137.9,6,0,1,46
1,Car,7,0,137.62,11,0,2,41
69,EV,4,1,135.47,18,4,2,7
4,Truck,5,0,188.76,14,0,2,29
16,EV,5,1,165.5,13,0,0,8
24,Truck,7,0,13.18,15,2,1,27
80,Bike,5,0,96.86,13,2,1,31
2,Van,2,0,82.6,2,3,2,14
92,Bike,2,0,65.48,17,2,2,35
32,Truck,2,0,93.01,21,5,2,28
91,Van,5,0,79.92,5,3,1,15
84,Car,2,1,89.31,16,6,2,49
24,Car,7,1,195.96,22,3,1,45
12,EV,5,0,22.28,13,0,1,49
50,Truck,8,0,184.84,13,2,0,29
35,Truck,5,1,98.65,19,0,2,25
33,Car,7,0,126.63,12,2,2,48
33,Bike,8,0,166.89,2,0,2,39
61,Van,5,1,75.29,12,6,0,16
51,Bike,2,1,88.93,23,0,2,30
43,Bike,4,0,84.86,1,0,1,30
12,Car,4,0,78.07,8,5,2,43
67,Car,2,0,185.48,12,6,1,41
65,Car,4,1,166.64,7,4,1,42
33,EV,4,0,26.25,15,6,1,46
40,Bike,2,0,26.08,23,0,1,36
74,Truck,2,0,88.43,2,1,2,22
43,Van,5,0,24.24,12,1,0,11
44,EV,5,1,125.72,3,1,0,1
29,Truck,2,1,33.02,17,5,1,28
13,Bike,7,1,106.86,1,3,2,39
12,Car,4,0,6.41,19,0,0,42
95,Bike,5,0,66.74,21,6,2,38
46,Van,4,0,137.05,20,1,0,13
2,EV,8,0,99.39,14,5,1,49
35,EV,2,1,195.76,16,3,1,6
87,Van,7,0,175.45,9,1,1,16
81,Truck,8,0,75.02,0,2,0,29
90,Truck,8,0,13.87,5,4,2,25
8,EV,8,1,169.9,2,0,1,1
93,EV,2,0,182.69,18,4,2,45
26,Car,5,0,165.02,6,4,2,45
74,Truck,2,0,29.95,12,2,1,24
90,Van,5,1,199.59,12,2,0,12
34,Truck,8,0,55.42,16,2,1,29
7,Car,8,1,146.22,0,3,1,42
68,EV,7,1,182.07,13,1,0,7
58,EV,5,0,50.96,2,6,2,47
75,Car,8,1,182.11,13,0,0,42
29,Van,4,0,65.35,23,2,0,12
36,EV,7,1,195.4,0,5,1,7
89,Bike,2,0,59.85,15,0,0,39
21,EV,7,0,190.92,9,6,0,46
36,Bike,4,0,15.44,12,0,0,38
10,Car,5,0,143.31,3,0,2,45
73,Car,2,1,108.76,8,2,2,46
24,EV,2,0,98.19,13,2,1,49
64,Truck,5,1,48.58,3,1,1,20
99,Bike,7,0,142.59,9,6,2,36
49,Van,8,1,42.21,7,2,0,11
99,EV,7,0,112.8,22,2,1,46
36,Van,4,0,54.38,2,0,1,12
82,EV,8,0,191.35,22,1,0,48
96,Truck,7,1,10.58,6,4,0,24
24,Truck,5,0,43.95,9,2,0,26
23,Truck,4,0,52.25,2,5,0,27
62,Truck,4,0,85.74,1,2,0,21
96,Car,4,1,50.38,14,4,2,40
37,Car,8,0,100.81,8,0,0,46
12,Bike,2,0,175.13,14,6,1,35
55,Van,8,0,143.85,16,1,2,15
13,EV,7,1,118.09,6,0,1,2
23,EV,2,1,22.36,19,6,0,3
89,Car,7,0,140.33,17,3,1,43
99,EV,2,0,37.45,14,2,0,42
30,Car,8,0,158.34,17,6,1,41
17,Bike,4,0,53.76,23,5,1,32
62,Van,5,0,86.32,22,6,0,15
84,Bike,4,1,73.34,11,3,1,38
89,Truck,8,0,172.47,22,2,2,23
86,Truck,2,1,29.68,20,3,1,25
13,Truck,4,0,115.3,7,4,2,20
59,Bike,8,1,32.7,1,2,2,35
19,EV,7,0,142.44,1,5,1,42
49,Van,5,0,181.49,4,2,2,18
12,Truck,4,0,89.75,0,3,2,23
61,Truck,2,0,100.18,21,1,1,26
19,Truck,7,0,185.85,3,3,0,23
76,Van,8,1,106.59,5,2,0,15
9,Truck,5,1,100.08,22,2,2,26
71,Van,2,0,117.77,12,6,2,11
28,Truck,8,0,139.4,18,1,0,29
78,Bike,8,0,25.84,10,0,2,35
95,Bike,4,0,165.12,12,1,0,37
52,Van,4,0,89.92,7,0,1,15
83,Bike,2,1,19.11,6,5,2,31
16,Van,8,1,158.31,12,2,1,13
69,Bike,4,1,78.51,0,6,0,30
99,Bike,5,0,24.57,5,4,0,36
12,Van,5,1,128.59,6,4,1,17
25,EV,8,1,176.63,15,3,2,2
52,Bike,4,0,178.11,14,1,1,39
85,Truck,2,0,191.74,19,1,1,24
53,EV,2,1,174.2,1,4,2,8
23,Van,2,0,5.42,22,0,0,17
16,EV,5,0,79.15,15,1,1,44
57,Car,4,0,164.62,16,0,1,47
39,Car,4,0,76.42,23,0,0,45
53,Bike,5,0,122.3,14,0,1,34
42,Bike,2,1,123.23,2,0,0,33
58,Truck,2,1,76.18,3,6,2,24
39,EV,8,1,181.37,11,3,0,4
14,Car,7,0,103.13,4,3,0,40
95,Bike,4,1,95.63,16,6,1,32
5,EV,4,0,199.52,5,4,0,47
35,Bike,4,0,101.23,9,3,0,36
87,Bike,7,0,39.79,21,5,1,36
93,Car,8,0,105.05,17,6,0,42
75,Car,7,0,163.73,9,1,1,48
18,Bike,2,0,156.49,5,5,2,35
76,Van,2,0,158.77,23,6,0,17
9,Bike,4,0,143.06,5,3,2,37
74,Bike,5,1,54.57,19,1,0,32
58,Truck,4,0,173.11,14,1,0,23
17,Truck,5,1,179.22,3,0,2,25
7,Truck,7,0,42.86,15,4,2,21
46,Van,2,0,30.44,21,0,1,16
13,Van,5,1,195.24,23,6,1,11
40,Bike,7,0,174.32,7,0,2,34
42,Truck,2,0,179.18,6,5,0,23
9,Van,5,1,177.84,18,3,1,18
50,Car,4,0,110.63,16,5,0,41
27,Bike,4,1,131.05,20,3,1,36
66,EV,4,0,111.35,12,5,1,46
5,Bike,7,0,14.99,14,1,1,36
29,EV,4,0,150.37,1,3,2,40
37,Truck,8,0,103.54,9,3,0,27
38,EV,2,1,131.3,12,5,2,2
83,Truck,7,1,103.01,17,2,1,24
8,Car,4,0,100.9,22,1,2,41
65,EV,2,0,38.5,10,6,2,44
86,Bike,5,1,59.35,12,1,2,36
17,Truck,4,0,35.98,18,6,0,25
71,Bike,2,0,43.15,23,2,2,34
89,Van,8,0,194.73,23,5,2,13
45,Truck,5,0,34.86,21,5,2,27
4,EV,8,1,57.51,4,1,2,8
36,Truck,2,1,120.16,2,5,2,20
70,Bike,8,0,123.98,18,4,2,39
31,Car,2,0,35.02,22,4,2,41
19,Truck,2,0,159.77,12,6,1,22
61,EV,8,0,158.11,4,2,2,40
54,Van,2,0,51.28,11,3,2,12
39,Car,4,1,61.29,13,4,0,49
91,Van,2,0,187.91,5,6,1,17
74,Truck,7,0,166.01,21,5,2,23
90,Bike,2,0,141.07,8,2,0,36
19,Bike,7,0,21.04,16,6,2,36
39,EV,2,0,86.56,7,6,2,44
67,Bike,2,1,114.06,12,4,2,30
45,Car,8,0,41.55,4,0,2,49
13,Bike,4,1,92.4,21,2,2,33
92,EV,4,0,122.2,21,1,0,46
58,Truck,5,0,68.84,16,6,2,24
20,Truck,8,0,157.28,2,4,0,21
92,Bike,8,0,168.89,5,1,2,37
72,Van,4,0,68.1,13,2,0,11
61,Truck,8,0,168.54,14,4,1,27
39,Bike,4,1,25.2,13,1,2,31
1,EV,8,1,168.36,10,3,1,5
3,Bike,2,0,34.79,10,6,1,33
77,Truck,4,0,21.17,8,3,1,20
92,EV,4,0,130.15,5,0,2,47
62,Bike,7,0,97.03,14,5,1,39
63,Car,8,0,182.04,11,2,0,42
25,EV,8,1,75.82,5,5,2,4
56,Car,4,0,60.99,0,5,1,43
33,Van,2,0,102.64,15,1,2,14
38,EV,2,0,93.91,19,0,1,42
6,Car,2,0,72.16,14,2,0,48
58,Truck,8,1,140.28,1,3,2,23
44,Truck,7,0,153.11,16,5,2,29
45,Van,4,0,171.33,2,1,1,13
32,EV,5,1,194.71,2,5,0,6
45,EV,7,0,57.0,4,4,2,47
61,EV,5,1,144.64,16,3,1,7
47,Van,7,0,81.88,22,5,0,13
21,EV,2,0,137.03,16,4,0,43
80,Truck,8,1,97.82,19,4,0,24
85,Car,5,0,198.79,5,1,0,49
75,Truck,7,0,147.14,0,1,2,24
36,Truck,8,0,190.74,6,4,2,20
99,Car,5,0,167.82,14,0,0,47
19,Truck,4,1,181.07,6,5,1,29
20,Van,7,1,163.81,18,4,1,14
57,Car,4,1,94.54,19,4,0,42
18,Truck,2,1,54.1,21,1,0,22
47,Bike,4,0,77.21,10,5,1,33
49,Truck,4,0,8.95,22,2,0,26
14,Van,7,0,107.18,13,3,0,14
15,EV,2,0,103.49,12,1,2,40
31,Truck,4,0,107.42,19,5,2,24
1,EV,8,1,194.94,8,5,0,5
54,Bike,5,0,182.73,8,6,0,35
3,Truck,4,0,36.53,15,0,2,26
16,Car,2,0,76.93,11,3,0,44
87,EV,4,1,87.67,9,1,2,2
57,Bike,5,1,75.3,5,1,2,31
75,Car,2,1,160.71,17,2,1,43
12,Car,7,0,107.19,1,6,2,40
74,Car,2,1,116.56,19,6,1,46
96,Car,7,0,171.34,8,0,1,40
16,Truck,2,1,162.16,18,6,2,22
72,Truck,5,0,30.78,5,0,0,29
76,Truck,5,0,144.21,1,5,2,26
24,Bike,2,0,89.91,14,5,1,35
28,Bike,4,1,62.46,16,1,2,36
8,Bike,5,0,14.75,15,2,2,34
92,Van,7,1,100.01,20,1,1,17
36,Bike,7,0,74.31,7,6,2,35
90,Truck,8,0,54.05,9,4,2,23
8,Truck,7,0,140.46,9,5,1,20
58,Van,8,0,155.05,17,4,0,11
60,Van,2,0,52.73,9,6,1,15
50,Bike,2,0,14.64,8,2,1,33
28,EV,2,1,170.51,23,1,2,3
92,Van,4,0,6.94,18,5,1,16
41,Car,4,1,187.74,0,2,2,46
64,Truck,8,0,127.39,3,1,2,21
27,Car,7,1,67.76,23,1,2,47
63,Truck,7,0,53.06,2,4,1,20
17,Truck,2,0,6.76,9,3,1,29
73,Van,5,0,50.92,11,6,2,16
33,Van,4,0,31.86,17,0,0,19
84,Car,4,1,124.37,22,5,0,40
77,Truck,2,0,37.48,19,0,1,22
92,Car,4,0,108.08,5,2,2,42
29,EV,2,1,120.07,20,0,2,2
13,Car,8,0,63.12,1,4,1,49
46,Bike,7,1,11.84,9,3,0,34
35,Car,5,0,12.26,1,5,1,43
6,Bike,7,1,10.14,8,6,1,35
82,Bike,7,0,149.13,9,1,2,31
69,Bike,8,0,67.01,1,1,1,33
47,EV,4,0,160.28,7,6,0,46
25,Car,5,1,89.19,23,4,1,40
66,Car,4,0,93.33,16,5,2,42
10,EV,7,0,105.01,16,0,0,40
56,Truck,2,1,144.04,3,6,2,21
30,Van,7,1,58.33,17,1,1,18
5,Car,4,1,28.71,11,0,1,49
33,Van,7,1,113.43,16,4,1,14
65,EV,2,0,68.76,8,1,2,43
18,Truck,8,0,91.29,18,2,1,23
96,Truck,4,1,131.15,13,3,0,27
49,Truck,7,1,101.35,13,0,0,22
11,EV,4,0,125.95,16,6,2,43
85,Bike,8,0,111.12,1,5,2,31
26,Bike,7,1,149.26,7,0,2,35
63,Van,7,0,142.66,4,0,1,18
89,Bike,4,0,109.17,6,0,0,33
86,Bike,4,0,137.39,21,6,0,35
59,Truck,2,0,175.34,15,4,0,23
27,Truck,8,1,89.29,15,4,2,21
49,Van,2,0,85.49,16,5,2,15
77,Car,7,1,154.03,21,4,1,46
33,Van,4,0,118.6,6,6,2,13
98,Van,7,0,18.85,19,5,0,16
99,EV,7,1,178.96,7,5,1,8
1,EV,5,0,11.0,7,4,2,42
21,Van,5,0,150.94,22,1,2,11
55,Van,7,0,152.96,10,4,0,14
6,Van,4,0,190.86,14,1,1,11
92,Bike,7,0,15.56,17,2,2,39
81,EV,5,1,121.39,5,4,2,5
69,Van,4,1,88.43,21,2,1,19
95,Truck,7,1,69.47,11,4,1,25
5,Truck,8,0,22.61,14,2,2,27
3,Bike,8,0,114.72,22,3,2,35
53,Bike,7,0,98.41,5,2,0,33
23,Car,4,0,25.39,17,1,1,42
53,Car,7,0,124.44,23,0,2,41
37,Car,7,0,148.9,19,5,2,40
74,Bike,5,1,154.62,8,2,2,31
74,Bike,8,0,181.55,7,0,2,31
83,Bike,5,0,84.85,13,6,0,34
17,Truck,5,1,190.85,18,3,1,28
85,Bike,7,0,173.76,18,3,2,30
78,Truck,5,1,62.82,7,6,1,23
73,Car,8,1,36.06,1,6,1,49
1,Car,5,1,89.9,3,6,2,46
51,Car,8,0,83.37,5,1,2,49
45,Van,5,1,117.27,2,6,2,12
77,Van,8,0,118.76,2,1,0,17
4,EV,5,1,151.25,18,2,2,3
62,EV,5,0,104.43,10,4,1,47
65,EV,4,0,25.44,9,6,1,41
32,Van,8,0,172.37,11,6,0,14
34,Van,8,0,65.4,13,3,2,13
92,EV,8,1,194.4,17,0,2,9
95,EV,2,1,27.98,23,4,0,3
72,Bike,5,1,191.86,8,3,0,34
39,EV,8,0,22.75,14,2,2,49
26,Bike,2,1,50.05,23,6,2,38
34,Truck,4,0,14.08,2,3,1,25
54,Van,8,1,142.5,22,1,2,11
3,EV,8,1,170.81,10,0,2,1
50,Van,2,0,89.64,9,0,1,10
12,Van,5,1,186.06,17,1,1,16
65,Van,4,0,120.11,3,6,1,11
54,Truck,8,0,127.85,12,6,1,26
5,Car,5,0,169.86,5,4,0,40
94,EV,4,0,62.88,20,1,1,43
94,Car,7,1,74.08,12,6,0,49
57,Car,7,0,181.66,19,0,1,43
17,Car,4,0,180.69,4,6,1,44
47,Van,2,0,195.41,19,2,1,19
23,Bike,4,1,180.86,13,6,2,30
79,Van,4,1,29.84,12,4,0,16
85,Van,2,1,165.63,13,5,1,11
14,Car,2,1,84.92,7,3,2,41
66,Van,5,0,198.21,15,5,0,17
75,Car,5,0,97.09,12,2,0,48
51,Bike,2,0,113.0,23,5,2,35
38,EV,7,0,108.31,14,6,0,40
64,Car,7,1,67.74,18,4,2,40
98,Bike,4,0,19.63,0,0,1,36
38,EV,8,1,179.65,21,0,2,8
50,Truck,4,0,161.52,1,2,0,22
98,Car,4,0,32.21,17,5,0,48
82,Car,8,0,156.47,18,4,1,43
30,Truck,2,1,127.04,7,3,2,23
79,Truck,7,1,84.78,2,6,1,22
91,Car,4,1,54.53,22,5,2,47
51,Truck,8,0,172.65,13,5,2,28
63,Van,5,1,141.54,8,3,2,10
98,EV,4,0,111.81,7,1,1,41
52,EV,7,0,123.87,16,6,1,40
38,EV,2,1,22.76,22,2,0,4
97,Van,4,0,97.41,22,6,1,19
88,Truck,4,1,42.77,23,4,2,26
79,Bike,8,0,45.63,15,2,2,36
30,Truck,5,0,133.95,9,3,2,25
51,Car,5,1,182.69,20,4,1,44
81,EV,2,0,83.73,9,0,0,43
5,Truck,7,1,45.51,23,0,1,27
29,Bike,2,0,131.51,5,6,0,36
4,Car,4,1,174.88,21,4,1,49
10,Van,4,0,150.92,16,2,2,10
56,Van,5,0,174.41,15,2,0,15
17,Bike,7,0,109.63,14,0,1,31
74,Car,8,0,151.62,21,0,2,43
17,EV,7,1,32.31,13,3,0,5
84,Truck,4,0,72.91,3,4,0,27
88,Car,8,0,80.96,3,2,2,45
69,Van,7,0,104.7,1,3,2,11
34,Bike,7,0,186.17,10,2,1,34
6,Bike,8,1,175.49,3,0,1,34
53,Truck,4,1,31.23,20,4,2,25
66,Bike,7,0,38.69,20,1,1,30
77,Bike,8,1,74.74,15,4,2,37
43,Car,4,0,61.7,20,5,2,42
75,EV,8,0,124.88,3,1,1,44
23,Truck,8,1,181.04,0,6,1,26
55,Car,7,0,192.65,23,6,0,42
80,EV,4,1,132.45,18,3,0,6
95,Car,7,1,168.44,1,1,1,44
75,Car,2,0,107.41,8,1,1,46
16,Bike,2,1,45.62,22,3,1,39
8,EV,4,1,107.31,12,4,0,3
4,Truck,8,0,113.24,17,3,1,21
4,Truck,7,1,149.78,15,5,0,23
56,EV,7,0,47.88,15,0,0,42
25,Bike,4,1,76.82,9,6,0,33
67,Van,4,1,75.99,8,0,0,16
96,Car,2,0,192.09,10,6,2,44
67,Bike,5,0,91.57,3,1,1,33
27,EV,4,1,152.24,9,3,1,6
93,Car,5,0,151.41,2,3,2,46
32,Truck,4,0,56.78,5,3,1,24
50,Van,8,0,116.51,2,5,0,16
61,Truck,8,0,179.39,8,5,2,22
51,EV,2,0,97.66,2,4,0,46
19,Car,2,0,189.3,17,2,2,42
21,EV,5,0,46.82,7,6,0,45
5,Car,4,1,19.46,21,2,1,47
82,Bike,7,0,178.83,7,2,1,35
92,Van,2,0,170.3,14,6,1,19
42,Bike,7,0,198.56,12,4,2,32
61,Bike,7,0,137.48,6,3,1,34
22,EV,4,0,187.65,18,2,2,48
21,Van,5,0,166.26,7,3,0,17
70,Car,4,0,169.66,9,1,1,45
1,Car,2,1,115.98,16,2,0,48
5,Truck,7,1,79.56,0,1,1,21
12,Car,4,1,187.24,12,4,0,48
90,EV,4,1,89.26,12,0,2,6
46,Bike,4,1,110.07,23,5,1,38
34,Bike,2,0,91.99,15,6,2,33
49,Bike,5,1,115.14,8,4,2,34
78,Van,4,0,96.75,9,4,0,11
90,Car,2,1,14.35,5,4,1,42
45,EV,7,1,177.0,4,2,2,1
27,Van,8,0,91.66,1,1,0,13
73,Truck,2,0,119.84,10,5,0,21
26,EV,8,0,32.14,8,2,0,41
47,EV,4,1,5.66,5,0,1,1
86,EV,4,1,52.83,7,6,1,2
56,Bike,2,1,142.39,8,6,0,33
94,EV,8,0,24.34,8,5,1,45
63,Car,4,1,182.23,7,6,0,46
48,EV,7,0,46.93,11,6,1,46
61,Bike,5,1,44.9,7,4,1,36
81,EV,5,0,40.39,2,3,0,43
26,Truck,4,0,7.73,12,0,0,24
36,Truck,8,0,155.5,18,1,1,22
1,Bike,4,1,175.63,1,0,0,30
8,Car,8,1,124.76,16,2,0,47
99,Car,7,0,41.7,15,6,0,49
52,Van,8,0,60.63,3,3,0,16
79,Bike,4,1,97.81,17,2,1,38
47,EV,7,0,191.1,13,5,2,49
56,Bike,2,1,53.23,1,4,1,33
86,Van,5,0,147.67,12,6,0,14
14,Bike,4,0,90.69,20,4,0,34
90,Bike,4,1,63.08,19,0,1,36
28,Van,4,1,93.9,16,4,0,18
87,Car,7,0,18.89,14,4,1,47
78,EV,2,0,160.74,19,5,2,46
88,Van,8,1,52.44,4,1,0,10
2,Truck,2,0,146.46,6,1,2,29
26,Car,7,1,18.33,17,2,2,45
14,Truck,4,0,191.24,23,6,0,29
59,Car,5,0,42.64,10,2,0,48
56,EV,4,1,177.13,17,1,1,7
7,EV,8,1,162.85,4,0,1,1
3,Bike,5,0,193.73,12,1,0,38
23,Truck,4,1,98.19,17,2,1,22
18,Car,5,0,146.84,1,3,2,48
38,EV,2,0,77.29,19,6,2,43
99,Van,7,1,40.95,3,4,0,18
15,EV,4,1,91.4,12,5,1,8
64,Van,8,1,37.32,23,3,0,16
89,Car,2,0,196.5,15,3,2,43
28,EV,4,0,23.77,5,4,0,48
74,EV,2,0,119.9,7,1,0,43
39,Car,8,0,127.16,15,6,0,40
57,EV,4,1,109.93,12,0,0,6
17,Van,8,0,134.13,22,3,2,13
86,EV,5,1,27.66,3,0,0,3
90,Truck,8,0,113.23,1,5,0,24
44,Bike,5,0,61.01,8,5,1,32
25,Van,4,0,188.33,17,5,0,18
17,Truck,5,0,153.6,16,2,1,25
13,Car,4,0,194.64,7,3,0,42
84,Van,4,1,12.32,14,5,1,14
25,Bike,7,0,60.6,8,2,0,37
68,Bike,4,1,43.11,16,5,1,37
10,Car,5,0,7.18,22,1,0,45
67,Car,7,1,52.25,1,3,0,44
18,Van,7,0,137.36,5,2,1,14
86,EV,4,1,50.06,4,5,0,1
34,Car,8,0,104.26,16,6,0,41
8,EV,8,1,178.12,1,2,0,4
40,Truck,7,1,140.28,17,5,0,25
83,Bike,4,0,81.95,9,1,2,36
42,EV,8,0,77.63,9,0,0,40
41,Bike,4,0,93.87,5,5,2,37
6,EV,4,1,39.52,11,0,2,1
52,Truck,7,0,128.63,16,3,0,28
26,Car,7,0,76.01,12,1,1,43
64,Truck,2,0,171.21,19,6,1,26
98,Car,8,0,152.53,15,3,0,45
59,Car,8,1,124.05,9,6,2,48
56,Bike,8,0,76.02,20,0,1,31
59,Truck,5,1,45.94,1,1,0,26
70,EV,4,1,156.35,1,4,0,5
33,Truck,7,0,99.85,22,1,2,26
53,Bike,8,1,48.83,6,1,1,30
22,Car,2,0,43.06,5,6,0,49
21,Bike,8,1,37.25,0,4,1,38
70,Van,4,0,156.55,11,2,0,10
70,Van,4,1,49.65,12,2,0,14
4,EV,7,0,107.7,11,2,0,47
94,Bike,5,0,93.05,18,0,2,30
75,EV,7,0,118.02,8,1,2,46
62,EV,8,0,176.05,9,5,2,41
62,Van,2,1,174.21,16,4,1,16
94,EV,7,0,92.96,17,5,2,46
95,Van,5,1,8.0,7,0,2,18
24,Car,7,0,88.16,6,4,1,45
55,Bike,4,1,123.21,8,5,1,33
9,EV,8,0,113.76,9,6,1,46
3,Van,8,0,132.01,11,0,1,16
31,Truck,8,0,35.04,14,0,2,23
40,EV,8,1,131.07,14,0,2,2
36,Car,8,0,40.62,3,4,1,48
24,Car,8,1,151.35,3,5,2,47
95,Truck,2,1,71.12,22,5,0,24
6,Van,5,0,143.43,0,3,2,14
66,EV,8,1,14.33,11,0,0,1
84,Van,5,0,84.53,1,2,1,18
92,Car,8,0,142.48,14,1,1,49
75,Van,7,1,49.24,16,6,2,17
4,Car,8,1,160.08,6,6,1,44
79,Van,4,1,128.0,5,3,2,19
6,Truck,2,0,119.57,11,3,2,25
94,Bike,7,0,73.94,18,4,2,39
51,Truck,7,0,99.08,0,3,2,29
62,Truck,4,1,121.48,20,5,0,27
57,Bike,8,0,97.13,13,4,0,35
66,Bike,2,1,141.17,3,4,1,39
79,EV,7,0,89.57,4,6,0,43
75,EV,2,0,44.44,0,6,1,42
8,Truck,7,0,46.72,0,2,1,26
26,Truck,8,0,6.13,20,0,2,21
51,Car,7,0,63.69,5,3,2,46
45,Car,7,1,151.04,4,0,2,40
44,EV,5,1,159.86,1,0,2,5
5,EV,8,0,44.48,20,0,2,48
70,Car,4,0,192.01,4,4,2,40
26,Car,4,0,102.97,8,0,0,47
68,Van,8,1,183.81,18,3,1,18
19,Van,4,0,142.82,20,4,1,18
84,Car,8,1,145.87,14,3,2,47
97,Van,4,0,21.58,12,4,0,13
20,Bike,5,0,47.9,11,1,2,36
12,EV,4,1,6.72,4,1,0,1
47,EV,7,0,144.64,1,1,0,46
1,Car,8,0,72.17,3,1,1,45
90,Truck,2,0,158.4,17,4,1,24
14,Car,2,0,71.09,20,0,0,40
64,Van,8,0,164.77,9,2,1,17
38,Truck,5,1,30.49,12,6,0,29
37,Van,4,1,38.81,11,5,0,10
11,Bike,5,0,71.47,1,2,0,30
77,Van,2,1,84.66,14,1,1,12
3,Bike,8,0,73.0,13,0,2,37
33,Bike,8,0,153.91,9,3,1,37
6,Van,5,0,23.91,21,0,2,16
50,Van,5,0,73.49,7,3,1,14
10,Bike,4,0,168.26,14,2,1,37
5,Truck,7,1,18.03,12,0,2,21
23,Bike,7,0,188.76,7,0,0,37
10,EV,4,0,197.33,20,5,2,41
44,Bike,7,0,22.27,20,2,0,39
2,Truck,2,1,61.8,21,0,0,24
13,EV,7,1,77.62,13,3,1,4
40,Car,4,0,156.4,0,6,1,40
2,Car,7,0,121.21,12,0,1,44
84,Truck,8,0,130.65,7,3,1,26
65,Bike,5,0,152.71,17,1,1,30
63,Van,2,0,28.01,21,0,2,11
73,Truck,8,0,167.48,8,3,2,28
17,EV,8,0,142.6,12,6,2,44
9,EV,4,0,117.58,2,2,2,46
75,Car,5,0,178.5,17,1,1,41
15,EV,5,1,141.56,9,0,2,7
24,Truck,2,1,44.33,4,5,2,26
38,EV,4,0,88.8,5,3,0,46
35,Truck,2,0,101.34,7,6,1,24
94,Van,7,0,15.77,23,5,2,18
95,Car,8,0,191.15,6,0,2,41
49,EV,2,1,30.07,20,3,2,4
69,Truck,8,0,141.0,17,0,1,21
62,Bike,4,1,103.72,13,1,2,37
60,Car,7,1,10.0,14,6,0,40
50,Van,4,0,185.33,9,6,1,18
78,Truck,7,0,171.11,20,1,0,24
75,Van,7,0,107.23,11,0,1,12
9,Van,8,0,49.64,6,0,2,13
34,EV,4,0,28.72,6,4,1,40
76,EV,4,0,75.86,10,0,1,42
99,Truck,2,1,54.81,12,6,1,27
35,Bike,4,0,103.8,14,0,0,31
1,Truck,2,0,193.45,17,5,1,21
40,Bike,5,1,117.12,6,5,2,38
64,Van,5,1,178.54,5,1,1,14
22,Car,5,0,131.92,22,5,1,44
60,Truck,4,1,97.67,10,0,2,20
64,Truck,4,0,171.65,7,2,2,25
93,Bike,2,0,96.92,19,0,0,37
72,Van,7,0,174.38,0,6,2,15
11,Van,2,0,61.86,7,4,2,16
14,Bike,5,1,30.12,7,3,2,33
60,Van,2,1,171.79,18,6,1,11
30,EV,7,1,119.55,2,1,0,1
35,Car,4,0,178.37,4,5,2,45
85,Truck,2,0,187.88,2,2,2,28
37,Car,5,0,15.46,14,6,2,49
5,Truck,5,0,102.69,13,3,1,24
83,EV,4,1,78.12,20,2,1,2
78,Van,2,1,127.04,14,1,0,10
26,Bike,7,0,159.75,23,5,0,32
62,EV,4,0,59.72,16,4,1,43
4,Car,2,0,113.58,17,6,2,46
89,Bike,8,0,143.2,1,6,2,38
42,Van,5,0,31.21,11,6,0,17
89,EV,7,0,163.74,15,1,2,48
18,Bike,7,0,123.19,3,2,1,36
40,EV,7,0,190.16,1,2,0,49
72,EV,5,0,71.21,13,1,1,47
39,Van,2,0,26.09,10,6,1,17
14,Truck,4,1,103.77,12,0,2,20
32,Bike,2,0,21.73,6,1,1,38
51,Van,4,1,194.06,9,5,1,11
38,EV,7,0,12.54,23,5,2,46
97,Van,2,0,151.93,0,4,1,19
23,Truck,7,0,107.39,20,1,2,29
63,Bike,8,0,76.88,3,3,1,34
15,Truck,7,1,17.84,17,5,2,23
97,Car,7,0,126.32,5,5,2,40
25,Bike,4,1,119.12,1,5,0,30
17,Truck,8,1,59.77,2,0,1,22
97,EV,7,0,182.49,13,3,1,40
66,Bike,7,0,64.3,7,6,0,37
78,Bike,8,1,92.7,15,6,2,32
53,Van,8,0,111.03,18,1,2,19
51,EV,2,1,24.55,17,0,0,2
39,Car,4,0,186.77,5,5,0,45
51,Truck,8,0,78.03,13,6,2,23
70,Van,8,0,20.75,2,3,2,13
6,Truck,5,0,80.52,15,6,0,21
67,Car,8,1,122.04,0,3,1,41
7,Car,4,0,105.16,11,0,2,45
51,Bike,7,1,140.44,13,6,0,34
72,Car,7,0,15.82,18,5,1,48
42,Truck,7,0,60.49,21,0,1,23
64,EV,7,0,164.75,18,2,1,44
15,EV,5,0,20.58,8,5,1,40
29,Bike,8,0,171.82,6,0,0,31
33,Truck,7,0,22.92,13,1,2,22
94,Truck,2,1,167.72,4,6,1,24
27,Car,7,0,75.35,17,5,1,44
36,Truck,8,0,124.38,8,4,0,23
29,Van,7,1,34.81,20,5,1,19
38,Car,5,1,17.9,6,2,0,42
57,Van,4,0,47.11,8,0,0,18
97,Bike,4,0,29.93,3,4,2,30
27,EV,8,1,65.92,16,2,1,6
55,Bike,4,0,105.3,11,1,2,36
33,EV,4,0,119.81,5,5,0,49
68,Bike,2,0,159.02,17,6,1,33
86,Truck,8,1,132.97,7,4,0,29
66,Van,8,0,123.71,20,6,0,12
10,EV,4,1,85.3,14,0,0,8
5,Car,4,0,97.39,2,0,1,48
74,Van,4,1,85.83,1,1,0,10
97,Car,5,0,169.22,23,2,0,49
38,Van,7,0,49.85,22,4,1,18
13,Van,5,1,6.12,8,1,2,16
31,Bike,8,0,132.01,7,2,0,30
47,EV,2,0,44.48,3,3,2,46
88,EV,7,0,178.57,1,3,2,44
52,Van,2,0,172.51,13,2,2,19
56,Truck,8,0,19.96,1,0,2,26
15,Truck,8,1,25.75,1,0,2,28
29,Car,2,0,101.56,21,3,2,47
8,Car,2,0,123.8,6,0,1,45
5,Bike,2,0,58.61,11,6,1,31
29,Van,8,1,144.78,5,0,2,17
47,Car,4,1,121.01,17,2,1,43
68,Car,2,0,68.34,3,5,1,47
76,Van,7,0,9.95,18,2,2,16
45,Bike,8,1,151.28,12,0,2,33
2,Car,5,0,46.88,19,2,0,47
27,Bike,5,1,167.72,20,4,1,31
95,EV,7,1,86.96,22,3,2,9
36,Bike,4,1,117.53,1,5,1,35
36,Truck,2,0,175.23,7,4,1,26
26,Truck,8,1,173.41,18,4,1,29
43,Bike,2,1,77.45,8,0,0,30
27,Truck,8,0,45.73,3,0,2,22
69,EV,5,0,156.15,15,4,1,49
20,Van,2,0,89.45,18,4,2,14
11,Truck,7,0,42.45,9,1,1,26
74,Truck,4,0,181.36,5,1,2,20
38,Bike,7,0,43.63,15,6,2,38
6,EV,4,0,10.03,9,3,2,44
72,Van,2,0,8.95,12,4,1,12
23,Bike,2,0,126.35,8,2,0,36
47,Bike,4,1,134.03,6,5,2,39
90,EV,5,1,65.65,3,1,0,8
46,Van,8,0,67.4,18,0,2,19
12,EV,7,0,71.2,3,4,0,49
90,Van,7,0,137.63,18,2,2,12
13,EV,7,1,16.34,18,5,0,7
62,Bike,2,1,186.18,11,2,2,36
82,Bike,7,1,48.39,12,6,2,33
89,Car,8,0,199.94,3,2,0,49
97,Truck,8,1,38.45,9,0,2,28
60,EV,4,0,155.45,20,1,1,40
43,Car,2,1,48.57,6,2,2,40
76,Truck,8,0,20.77,4,5,2,24
68,EV,5,1,175.61,16,1,1,3
5,Van,2,0,172.46,17,6,1,19
37,Truck,2,1,83.7,10,6,1,28
72,Bike,8,1,141.97,14,3,0,34
92,Car,5,0,113.63,20,0,1,46
31,Truck,4,0,171.33,21,1,0,20
9,Truck,8,1,66.44,6,6,1,21
51,Bike,5,0,107.12,17,6,0,33
29,EV,2,0,99.65,5,1,1,48
78,Van,5,0,74.01,17,2,1,14
40,Bike,2,0,178.83,15,5,2,34
41,Van,8,0,37.35,1,2,1,18
86,EV,8,0,34.15,18,5,2,47
11,Truck,7,0,117.5,0,6,1,21
23,Van,7,0,133.21,10,6,1,16
1,Car,7,1,42.95,19,0,2,40
46,Car,8,1,81.19,4,1,2,49
21,Bike,4,1,189.58,15,4,0,38
90,EV,8,0,53.09,22,6,2,42
36,Bike,5,1,135.33,0,5,0,31
54,Bike,8,0,149.33,18,5,1,33
87,Bike,8,0,92.39,13,2,2,33
57,Car,2,1,187.82,2,2,2,42
1,Car,2,1,148.65,1,6,1,41
63,Bike,2,1,94.3,23,6,1,34
54,Car,8,1,116.02,4,3,1,43
55,EV,4,0,140.06,16,5,1,44
40,Bike,5,0,120.48,17,0,2,37
15,Car,5,1,176.35,0,1,1,41
21,Van,4,0,74.59,14,1,1,18
47,Bike,4,0,63.48,21,1,2,39
73,Bike,5,1,46.7,8,5,0,30
53,EV,7,1,12.37,22,2,2,8
9,Truck,2,0,13.39,4,0,0,24
74,Truck,2,1,174.66,12,1,1,21
52,EV,5,1,137.29,18,5,2,8
57,EV,4,1,133.8,23,4,1,5
26,EV,7,0,124.86,9,6,2,49
41,Truck,5,0,170.6,19,3,0,29
35,EV,2,0,98.65,20,3,2,42
63,Car,8,0,174.73,13,1,1,46
25,Bike,4,0,75.09,21,2,2,33
90,Bike,8,0,185.71,20,3,1,39
75,Van,5,0,141.24,11,3,2,15
38,Van,2,1,55.15,10,3,0,19
2,Bike,7,0,115.0,22,3,2,37
7,Car,8,1,108.94,6,1,2,40
82,Truck,7,1,31.89,16,5,2,21
91,Truck,2,0,120.29,17,0,2,27
34,Car,8,1,66.38,6,0,0,46
91,Truck,7,0,15.21,23,2,1,29
17,EV,7,0,189.99,19,5,2,48
43,Bike,8,1,130.09,5,6,2,31
59,Bike,2,0,176.0,10,4,2,37
51,Car,7,1,136.83,11,0,0,45
54,Truck,5,0,74.61,15,4,1,20
24,Van,8,1,104.97,18,0,1,13
25,Van,4,0,136.77,22,0,2,11
71,Truck,4,1,192.25,18,2,2,26
52,Van,2,0,54.47,10,3,1,18
70,Car,5,1,175.62,15,2,2,45
88,Car,7,1,185.2,22,0,2,43
33,Truck,4,0,135.73,11,5,2,24
49,Van,2,1,186.6,7,3,0,10
29,Car,5,0,82.59,2,5,0,43
63,Car,5,1,190.84,1,5,1,49
22,EV,2,0,142.04,5,5,0,42
26,EV,2,1,13.19,15,3,0,9
28,Car,7,1,181.84,19,5,1,45
85,Truck,2,0,99.47,23,3,0,23
49,Bike,7,0,94.76,14,4,1,32
71,Bike,7,0,115.46,13,6,2,33
81,Car,8,1,34.13,1,0,1,47
84,Car,5,0,96.49,19,1,1,44
49,Car,5,0,167.07,17,5,1,40
20,Truck,5,1,8.02,13,2,2,24
86,EV,8,0,58.22,17,4,2,47
92,Car,7,1,5.48,1,2,2,43
63,Car,7,0,86.06,0,1,1,41
61,Van,2,0,147.02,19,3,1,12
49,Truck,8,1,160.76,1,1,1,28
71,Car,2,0,189.31,8,2,1,46
1,Van,8,0,123.66,8,1,1,12
96,Bike,2,1,54.65,15,0,1,34
13,Car,4,0,185.21,10,1,1,42
94,Car,5,1,156.19,22,5,0,49
87,Van,5,1,117.01,5,0,2,13
51,Truck,7,0,140.65,11,5,0,27
56,Car,4,0,185.24,2,6,2,42
83,Bike,5,1,143.92,11,6,1,32
62,Car,7,0,76.83,22,1,0,47
32,Bike,4,0,144.04,0,0,1,39
30,EV,5,1,12.85,8,0,0,7
29,EV,2,0,80.35,19,6,0,46
49,Bike,8,1,84.23,21,1,1,39
45,Truck,4,0,37.53,5,4,0,21
93,Car,7,0,9.5,10,3,0,46
30,Car,4,0,31.01,2,3,2,49
16,EV,7,1,132.65,3,3,1,3
40,Bike,4,1,161.45,9,0,1,36
19,Car,7,1,197.7,18,6,0,43
18,Car,5,0,72.54,5,3,1,47
1,Truck,2,0,121.88,0,6,2,27
78,Van,5,0,187.74,7,0,2,15
47,EV,2,0,37.57,7,6,1,42
66,EV,5,0,144.94,5,4,1,45
92,Van,5,1,152.22,16,1,2,15
94,Car,4,0,22.35,18,6,1,42
38,Truck,8,1,172.94,0,6,0,23
51,Truck,7,0,163.56,14,1,1,21
63,EV,7,1,11.51,12,0,0,1
4,Truck,7,0,22.76,20,0,2,21
1,Van,2,0,14.58,2,6,1,16
8,Car,7,0,70.27,1,4,2,49
29,Van,7,0,104.31,2,3,1,14
55,Bike,4,0,108.81,8,4,0,38
3,EV,5,0,57.2,15,1,1,42
32,Truck,7,0,182.76,23,1,2,21
10,Bike,8,1,76.81,12,5,0,33
74,Truck,7,1,13.88,18,3,1,21
83,Car,2,1,63.54,17,6,2,46
34,Car,2,0,108.57,20,1,2,49
97,Car,2,1,84.6,11,5,1,45
87,Truck,7,0,58.4,11,0,2,27
55,Bike,4,0,30.61,0,1,0,34
92,Car,8,0,164.74,19,2,1,41
32,Bike,7,0,199.25,7,3,0,33
50,Truck,4,0,69.26,16,5,2,20
7,Bike,4,0,79.42,20,3,2,31
93,Truck,7,0,125.52,19,3,2,23
8,Truck,7,1,145.1,21,2,0,25
65,EV,4,1,81.45,6,4,2,4
57,Truck,4,1,181.46,8,0,1,23
67,Truck,4,1,114.2,16,3,1,29
88,Van,7,0,92.83,9,1,2,19
87,Car,4,1,131.1,3,0,1,41
59,EV,2,1,190.8,21,1,0,9
72,EV,7,0,159.94,6,0,0,49
54,EV,2,0,12.8,6,6,2,47
67,Van,5,1,69.8,7,0,1,17
51,Truck,7,0,96.76,23,5,1,24
97,Car,5,1,66.33,23,1,2,42
92,Bike,4,0,141.54,7,1,0,35
8,Truck,4,0,166.12,15,6,2,28
34,Van,8,0,147.61,11,0,1,17
35,Truck,4,0,197.92,14,3,1,26
96,Truck,5,1,58.15,7,1,2,27
88,Van,4,1,175.62,21,6,0,13
78,EV,7,0,154.49,8,2,0,45
32,EV,4,0,75.62,2,2,2,44
46,Car,8,1,148.15,21,0,1,41
16,Car,4,1,25.29,20,4,0,47
68,EV,5,0,158.92,15,0,2,42
37,Bike,5,0,108.8,14,6,1,34
54,Truck,4,1,62.0,23,0,0,27
85,Bike,5,1,132.88,3,3,0,38
14,Truck,5,0,130.12,19,3,2,28
95,EV,8,0,45.85,15,5,1,44
55,Car,7,1,10.93,9,6,0,41
48,Car,8,1,89.56,10,4,2,46
82,Bike,2,0,116.05,4,6,0,36
7,Car,8,0,175.94,10,6,1,47
74,EV,4,1,186.0,12,4,0,8
7,Bike,7,0,108.12,14,6,1,34
33,Truck,4,0,151.99,5,4,0,20
23,Car,2,0,90.66,15,4,0,43
85,Van,7,0,150.49,14,4,2,13
19,Car,5,1,44.94,10,6,0,42
19,Truck,8,0,77.36,19,6,1,27
36,Bike,4,1,128.67,1,0,2,32
29,Truck,2,0,8.54,1,6,1,24
60,Van,5,0,145.88,11,0,1,11
82,EV,8,0,167.93,15,5,2,45
2,Car,5,1,82.83,18,2,1,45
1,Bike,8,1,92.35,1,2,0,37
47,EV,7,0,171.0,16,5,2,47
69,Truck,5,1,156.25,13,5,0,20
20,Bike,5,1,61.19,23,1,0,34
11,EV,5,1,68.18,15,0,1,2
2,Bike,7,0,137.38,4,4,1,39
67,Van,2,1,114.82,9,1,0,14
87,Van,8,0,36.63,16,3,2,19
12,Car,5,0,65.44,12,0,0,48
20,Car,7,1,180.5,15,6,0,43
5,Van,2,0,139.19,8,5,1,17
37,Bike,8,0,197.26,23,2,1,30
38,Van,7,0,154.57,3,0,0,17
94,Car,8,1,188.69,23,5,0,45
9,Van,5,1,47.16,15,0,1,17
98,Van,2,0,155.44,22,6,0,15
53,Bike,7,1,8.94,10,0,1,32
44,EV,2,0,135.8,6,6,0,47
99,Car,5,0,96.51,16,0,2,44
86,Bike,2,1,72.62,21,3,2,39
24,Van,2,0,173.17,12,2,0,14
81,Van,4,0,171.58,3,0,1,16
74,EV,2,0,9.35,13,5,0,45
30,Car,8,1,123.85,9,3,0,48
59,Car,7,0,76.73,9,1,1,46
87,Truck,4,1,86.05,9,0,0,22
96,Car,7,1,167.25,11,6,1,44
81,EV,7,0,65.42,1,3,0,48
81,Truck,5,1,188.89,22,4,1,29
14,Truck,5,0,40.03,8,1,0,21
9,Van,4,0,134.23,4,2,2,10
40,Van,5,1,136.06,7,0,1,17
66,Car,5,1,54.18,20,0,2,47
25,Truck,5,0,68.33,13,3,1,21
73,Van,7,0,167.79,6,2,1,17
22,EV,4,0,153.55,6,4,1,44
4,Van,7,0,69.17,8,1,1,11
26,Van,8,0,109.12,2,5,0,16
58,Truck,7,0,17.03,13,2,0,26
29,Truck,8,1,45.71,16,0,1,22
98,Bike,2,0,99.74,17,3,0,30
87,EV,2,0,21.76,11,4,1,43
37,Truck,8,1,169.45,21,3,1,21
75,Car,8,1,145.01,13,1,2,43
70,EV,7,0,189.01,12,6,1,47
18,EV,8,0,140.23,13,6,1,41
85,Truck,4,1,188.38,8,2,0,20
42,EV,2,0,113.13,18,3,1,42
41,Truck,2,0,122.04,1,5,1,29
38,Van,8,1,195.51,10,5,2,16
34,Bike,5,0,130.22,16,6,0,35
17,Van,5,0,11.0,1,6,0,15
37,Truck,8,0,146.14,18,3,2,26
25,Truck,4,0,181.57,6,0,1,27
76,Van,5,0,160.14,17,3,2,12
87,Car,8,1,118.85,12,4,0,42
86,Car,4,0,135.9,4,2,2,49
85,Car,4,0,198.09,17,1,0,47
27,Truck,7,0,22.68,22,5,2,26
57,EV,4,1,135.11,23,3,1,5
31,Truck,5,0,60.26,23,4,1,23
6,EV,5,0,129.82,15,6,0,45
91,Van,8,1,123.49,14,5,2,18
40,Bike,8,0,34.92,7,5,0,35
98,EV,4,0,45.32,14,1,1,47
12,Car,2,0,126.22,0,5,0,40
53,Truck,7,0,30.0,16,4,1,25
71,Van,2,0,56.71,14,5,0,11
10,Car,4,1,167.87,13,5,2,42
45,Van,4,0,68.78,13,3,1,15
17,Bike,2,0,100.17,9,3,0,31
26,Truck,7,0,188.52,1,6,1,23
85,Truck,2,0,49.29,5,2,2,25
92,Bike,8,0,80.98,16,0,1,34
62,Truck,5,1,123.26,4,4,2,25
46,EV,8,0,152.29,4,0,1,45
64,Van,5,1,180.82,14,0,2,17
2,Car,4,0,183.52,14,5,1,48
54,Bike,7,0,156.44,19,6,2,34
65,EV,2,0,49.52,10,1,0,45
51,Car,7,0,9.84,4,1,0,45
53,Car,2,0,79.84,0,5,1,45
36,Bike,8,0,32.6,10,6,2,31
26,EV,8,1,143.53,10,4,0,4
29,Car,2,0,133.92,5,0,1,40
21,Car,7,0,13.57,22,2,0,40
11,EV,2,0,168.14,7,6,2,40
40,Truck,4,0,53.5,1,0,1,26
11,Car,8,0,89.28,14,1,2,40
36,Van,4,0,135.25,22,0,2,15
59,EV,8,0,88.74,21,3,2,41
39,Car,8,1,91.05,8,3,0,45
99,Bike,5,1,17.8,14,2,1,35
54,Van,4,0,83.28,7,4,2,12
98,Car,4,0,154.15,15,0,0,47
55,Van,5,1,183.46,13,3,2,13
24,Van,7,0,85.63,14,4,0,16
22,Truck,4,0,87.6,19,6,1,23
69,Van,2,0,142.01,12,6,1,10
56,Truck,5,0,188.84,8,3,1,25
33,EV,4,0,57.08,0,4,1,44
36,Truck,7,0,90.83,5,4,2,28
20,Bike,4,0,160.21,7,3,0,38
83,Car,8,0,123.89,19,5,1,47
99,EV,2,1,26.56,17,1,2,7
81,EV,5,0,127.41,17,4,1,41
62,Bike,8,0,41.42,16,6,1,37
98,Truck,7,0,104.49,20,5,1,22
73,Car,8,1,108.18,15,0,0,45
26,Truck,8,1,175.86,12,5,0,29
66,Van,7,1,95.19,21,3,0,16
73,Truck,8,0,59.49,3,5,1,25
73,EV,5,1,50.04,3,1,2,5
40,Car,4,1,175.48,20,3,2,43
17,Truck,8,0,38.35,13,2,2,21
1,Car,5,0,88.04,4,0,1,48
89,Car,4,0,41.5,15,6,0,46
61,Van,4,1,155.79,13,2,2,16
43,Van,8,0,97.5,13,5,1,13
42,EV,5,0,73.47,13,4,1,44
25,Bike,8,1,75.41,23,5,2,35
39,Car,7,1,171.18,13,6,2,41
35,Bike,4,1,112.99,18,6,1,33
3,EV,8,1,144.98,2,4,2,4
44,Car,4,0,179.92,16,2,1,43
51,Car,5,1,180.84,13,2,2,46
94,Bike,2,0,69.06,9,4,0,36
98,Truck,8,1,190.73,12,1,1,26
12,Van,8,0,9.85,21,0,0,16
19,Truck,4,1,78.48,3,3,2,21
44,Bike,5,1,179.68,10,2,1,34
59,Van,7,1,58.55,14,0,2,19
49,Truck,5,0,58.25,14,3,1,21
61,Van,8,0,64.01,23,5,2,14
17,Car,7,1,124.4,1,3,0,45
74,Truck,5,0,90.47,10,2,0,22
57,Van,2,1,146.71,1,1,2,15
55,Van,4,0,179.51,22,1,0,14
47,Van,5,1,136.47,4,0,0,13
12,Truck,5,0,44.87,12,5,2,29
62,EV,2,1,186.87,0,0,1,9
80,Truck,8,1,56.58,6,4,2,27
88,Bike,4,0,34.23,6,1,1,36
83,Truck,5,0,22.54,9,0,0,20
8,Van,7,0,114.86,5,4,0,18
95,Car,5,0,27.18,19,5,0,48
21,Truck,4,0,32.06,11,6,0,25
81,Truck,5,1,63.51,12,3,0,26
87,Van,2,0,59.92,23,0,1,12
80,Car,5,0,122.83,10,4,1,44
70,Car,5,0,164.27,17,1,1,46
72,Bike,7,0,153.46,1,3,2,30
25,Truck,2,0,56.18,15,0,0,20
82,Car,2,1,52.84,1,1,0,44
89,Car,5,1,193.33,18,6,0,48
12,EV,7,0,6.61,5,3,2,46
15,EV,5,0,176.55,0,2,2,40
59,Car,5,1,43.95,10,1,2,44
26,Bike,4,0,189.72,17,2,0,37
26,Car,4,0,71.75,9,5,1,47
47,Van,7,0,90.87,17,0,2,11
32,Truck,8,0,142.89,0,6,2,26
10,Bike,4,1,119.6,18,4,1,39
16,Van,8,1,67.0,15,0,2,14
71,Bike,2,0,113.0,6,1,1,38
17,Van,4,0,147.49,14,2,0,12
23,Truck,4,1,13.26,0,2,1,20
26,Truck,7,1,7.18,22,3,1,23
85,EV,8,1,94.32,20,0,0,7
86,Van,4,1,30.71,8,0,2,10
7,EV,4,0,134.55,1,1,0,41
14,Van,7,1,46.74,16,2,2,14
79,EV,7,1,89.41,23,1,2,9
7,Truck,8,0,43.55,9,1,1,20
9,Bike,2,1,111.95,5,5,0,33
48,EV,2,0,27.63,4,2,1,42
72,Van,5,0,9.51,7,1,0,14
59,Van,4,0,14.97,7,2,0,14
87,Truck,8,0,191.08,4,1,1,29
93,Van,4,0,32.75,11,4,2,11
82,Car,8,0,143.15,6,1,2,44
95,Bike,8,0,18.25,12,1,0,38
94,EV,8,0,26.09,12,6,2,44
39,Bike,4,0,104.23,16,4,1,39
99,Truck,7,0,95.65,3,0,1,21
18,EV,4,1,190.56,17,2,1,7
59,EV,8,0,189.24,9,6,0,45
17,Car,5,0,157.02,2,3,0,46
14,Truck,2,1,122.41,11,4,2,27
31,Van,8,1,93.72,0,6,1,19
24,Car,5,1,74.45,10,0,1,44
99,Car,7,0,189.68,17,1,0,41
60,Bike,8,0,122.57,12,5,0,36
45,Bike,5,1,117.92,16,0,0,36
98,Bike,8,0,50.22,7,4,1,37
3,Car,4,0,14.11,19,5,1,46
37,Van,5,0,189.31,18,1,2,19
43,EV,4,1,66.18,16,0,1,7
40,Bike,4,0,91.3,1,3,2,38
90,Van,5,1,27.35,2,2,2,17
55,Truck,2,1,168.2,2,2,1,21
87,Bike,5,0,10.39,5,4,2,31
39,EV,2,1,167.63,9,6,2,7
15,Truck,8,1,32.36,23,1,0,29
4,Truck,8,1,177.88,21,1,1,29
93,EV,5,0,147.31,17,2,2,42
86,Bike,8,1,37.11,17,0,2,30
25,Car,7,0,115.33,13,1,2,48
13,EV,4,1,65.97,15,3,1,3
82,EV,4,0,39.76,6,3,0,40
33,EV,2,0,172.54,0,1,0,45
16,Truck,8,1,83.69,16,1,1,23
42,Van,2,1,82.72,22,2,1,10
66,Car,4,0,38.13,4,4,1,43
55,Bike,4,0,79.7,0,2,1,37
99,Bike,8,0,174.97,20,4,0,36
42,Van,7,1,75.81,16,3,2,10
34,EV,7,1,190.56,9,4,2,9
30,Car,8,1,189.53,11,2,1,45
13,Bike,8,0,33.26,19,1,1,31
13,Bike,2,0,39.58,1,4,2,32
18,EV,8,1,173.22,22,2,0,7
32,Van,7,1,81.59,15,3,1,12
96,Car,8,0,5.85,14,5,1,42
99,Van,2,1,58.41,12,4,0,14
39,Van,2,0,121.54,17,3,0,12
46,Car,2,0,160.86,19,3,0,42
29,Car,2,0,31.01,21,0,1,44
62,Bike,5,0,26.56,13,5,0,34
93,Bike,8,0,184.81,17,4,1,38
62,Car,4,0,151.47,1,2,1,40
57,Truck,8,0,120.01,1,4,0,20
16,Bike,5,1,154.99,2,4,2,38
56,Truck,2,0,88.63,4,5,0,24
10,Car,5,0,152.9,15,6,2,43
30,Bike,7,0,77.5,21,3,0,31
25,Van,7,0,52.6,14,3,0,18
84,Car,8,1,147.16,11,3,1,45
5,EV,8,0,86.84,8,3,1,48
65,Truck,4,1,196.37,13,5,1,24
94,Car,4,1,73.15,20,2,1,43
49,Car,7,0,184.74,15,1,1,46
3,Bike,2,0,186.93,10,0,1,34
45,Bike,5,0,52.16,5,6,1,37
14,Bike,4,0,160.65,9,6,2,37
30,EV,4,1,89.45,7,3,2,2
68,Bike,2,0,183.92,15,3,1,34
18,Car,2,0,92.77,2,0,2,49
62,Bike,8,0,150.14,1,3,0,37
37,Van,5,0,96.06,15,1,2,12
25,Bike,2,0,49.42,18,6,1,36
48,EV,4,0,43.87,8,4,2,42
65,Van,4,0,87.96,15,0,0,15
53,Car,7,0,152.32,21,6,2,41
79,Car,2,1,122.99,3,2,1,45
73,Truck,8,1,139.28,9,6,0,25
15,Van,5,0,60.05,18,0,0,17
49,Truck,8,0,98.88,12,1,2,24
88,Van,4,1,13.66,17,5,0,10
68,Van,8,0,164.42,14,2,0,17
12,EV,4,0,198.03,3,4,0,48
59,Truck,4,0,84.34,8,3,1,20
37,EV,4,1,7.14,3,0,0,5
61,Van,4,0,38.11,15,2,2,15
43,Car,4,1,132.24,20,0,2,43
70,Van,7,1,124.36,14,4,0,11
39,EV,8,1,158.63,23,0,2,5
56,Truck,7,1,54.51,1,6,0,23
63,Truck,7,0,153.91,13,6,2,26
46,EV,2,0,139.16,2,2,0,45
88,Truck,2,1,67.95,21,1,0,22
11,Bike,2,1,111.37,22,5,0,38
62,Car,5,0,33.72,3,2,1,43
77,Car,2,1,93.25,0,0,2,44
98,Car,8,0,176.83,22,4,0,42
25,Truck,7,0,87.13,8,6,1,27
71,Truck,8,0,168.72,16,3,1,26
52,Van,2,0,120.1,13,3,0,16
4,Van,5,0,42.42,16,4,0,17
59,Car,5,0,118.32,0,0,0,46
72,Bike,7,0,103.67,9,5,0,32
20,Van,8,0,82.74,22,4,0,12
93,Van,4,0,28.33,15,0,2,11
63,Truck,8,1,86.26,18,2,0,20
54,Bike,2,0,19.19,23,5,0,34
74,Car,4,0,24.26,2,1,2,43
98,Van,5,0,86.1,11,0,1,11
57,Bike,7,0,64.55,2,3,2,30
90,Bike,7,1,185.48,14,3,1,32
41,Car,5,0,78.26,16,6,1,45
3,Bike,2,1,152.78,17,5,2,31
6,Bike,5,0,108.4,6,1,0,39
5,Bike,2,0,142.3,18,0,1,36
5,Van,4,0,55.72,6,1,0,16
54,Car,5,0,188.67,4,6,2,42
47,Bike,2,0,108.37,7,2,1,30
87,Bike,4,0,167.11,20,1,0,38
49,Van,5,0,76.18,15,2,1,14
9,Car,7,0,24.54,15,3,1,41
99,Truck,5,1,136.37,18,2,2,27
20,Van,8,0,6.51,14,0,0,19
61,Car,5,0,97.68,6,5,0,49
35,Bike,8,0,42.6,4,5,1,33
50,Car,4,0,127.34,22,0,0,49
82,Car,5,0,195.99,10,0,1,46
62,Car,4,1,95.56,9,0,2,44
17,Truck,4,1,164.41,20,4,2,22
88,Car,2,0,104.02,22,6,0,49
3,Truck,4,0,101.69,8,2,2,27
32,Bike,4,0,186.43,0,0,2,31
99,Truck,5,1,178.54,19,5,0,20
13,Bike,5,0,158.23,0,1,1,34
89,Bike,7,0,62.77,7,1,2,33
73,Truck,2,0,111.28,2,4,0,29
68,Van,4,1,48.66,1,2,0,16
14,EV,2,0,91.56,3,2,0,48
98,Car,8,0,99.42,18,6,2,45
11,EV,4,1,167.17,10,2,2,1
56,Car,2,0,179.73,4,5,1,47
67,Car,7,1,85.85,23,5,1,41
92,Bike,7,0,8.45,9,6,1,33
29,Car,4,1,173.05,23,4,1,42
9,Car,8,1,38.98,22,2,1,45
67,Truck,7,0,126.27,7,2,1,21
25,EV,7,1,9.87,12,0,0,5
98,Truck,8,0,82.9,4,2,1,28
76,Car,2,1,197.26,11,5,2,42
42,Bike,7,0,24.64,12,0,1,31
9,Truck,5,1,87.62,21,0,2,21
79,Truck,7,0,64.89,7,2,1,28
40,Van,2,1,181.49,14,1,0,15
25,Car,2,0,174.52,12,3,0,41
5,Bike,4,1,51.35,0,5,2,32
11,Truck,5,1,20.83,21,1,1,20
59,Truck,2,0,127.29,5,2,0,21
98,Bike,8,1,70.59,10,2,0,31
88,Car,5,1,136.06,12,1,1,41
79,Van,5,0,11.26,20,2,2,16
38,Truck,8,0,31.01,19,5,2,22
72,Van,7,0,138.84,0,6,2,13
5,EV,8,0,46.41,10,0,0,41
48,Car,8,0,172.23,10,4,1,44
90,EV,7,0,16.43,7,2,0,48
18,EV,7,0,47.02,21,2,0,48
70,EV,7,0,199.72,2,1,0,46
37,Car,7,0,89.45,18,0,0,47
60,Car,7,1,142.08,11,1,1,44
48,Bike,8,1,40.62,5,6,0,34
77,Van,4,0,123.92,22,5,0,12
28,Van,4,1,146.59,7,1,2,15
69,Bike,2,1,66.32,4,2,0,30
77,Bike,4,1,166.63,9,0,1,32
81,EV,4,0,122.67,21,5,0,41
40,Bike,8,0,80.88,15,2,1,36
45,Truck,7,1,113.74,11,5,1,28
96,Van,7,1,117.47,16,2,1,13
62,Bike,8,1,37.28,5,2,2,36
93,Truck,4,1,83.53,8,2,2,27
58,Truck,8,0,71.97,9,4,0,29
67,Truck,2,0,83.18,19,3,0,21
56,Truck,7,0,153.42,13,0,0,26
40,EV,5,0,99.09,13,6,1,42
98,Truck,2,1,188.36,16,4,1,27
40,EV,2,0,62.27,15,3,1,45
91,EV,8,0,86.06,3,5,0,42
77,Truck,4,1,158.46,1,3,0,27
33,Van,7,0,111.47,15,3,0,12
6,Truck,5,1,111.67,0,4,0,28
88,Truck,2,1,15.4,2,0,2,22
19,Truck,5,0,82.73,22,1,2,20
80,Van,4,0,57.79,10,3,2,11
40,Car,4,0,199.87,15,1,0,43
92,Car,5,0,65.13,17,1,2,41
97,EV,7,0,177.48,14,2,2,43
59,EV,4,0,136.87,8,1,0,43
59,Van,5,1,71.48,11,5,2,13
48,Bike,2,0,110.99,17,5,0,30
41,Car,5,1,168.9,4,2,0,48
13,EV,5,0,177.26,23,0,0,49
45,Car,8,0,36.28,7,6,1,46
89,Van,4,1,71.22,2,0,0,11
53,Van,7,0,70.37,1,5,2,12
42,Bike,7,0,13.2,18,6,2,37
63,Bike,8,1,121.66,7,2,0,36
27,Van,7,1,171.69,1,0,1,13
38,EV,5,1,79.41,18,6,1,4
60,Car,8,0,149.31,0,6,1,48
7,Truck,2,0,127.4,21,3,2,24
5,Bike,4,1,78.25,12,0,1,34
45,Truck,4,1,32.51,22,2,1,26
58,EV,4,0,143.32,19,6,0,40
31,Bike,5,1,171.64,16,5,1,32
23,Truck,2,0,138.74,2,3,1,21
42,EV,8,0,8.49,8,1,1,49
10,Car,8,0,47.17,4,1,0,45
32,EV,4,0,18.55,5,1,0,45
53,Bike,2,0,116.23,3,5,1,39
30,Van,2,0,152.51,16,6,2,10
39,Car,2,0,26.56,20,2,2,45
31,Truck,7,1,168.48,20,1,0,29
82,Bike,7,1,113.32,20,0,1,31
2,Van,4,1,139.54,15,1,2,13
78,EV,2,1,194.42,15,6,1,6
77,Van,2,0,21.32,21,4,0,12
93,Bike,8,0,180.74,10,5,2,32
12,Bike,8,1,29.59,1,4,0,32
39,Van,4,0,81.63,16,1,1,13
66,EV,2,0,171.03,14,6,0,48
96,Van,4,0,181.72,17,1,0,13
13,Bike,8,1,103.74,9,4,0,33
46,Bike,8,0,120.85,5,6,0,33
27,Truck,7,1,143.09,20,5,2,26
17,Truck,4,0,167.39,15,5,1,24
95,Car,4,1,28.69,4,1,2,41
98,Bike,2,1,162.96,11,5,1,36
60,Truck,2,1,98.85,5,3,1,22
64,Van,7,0,92.87,13,6,1,10
88,EV,5,0,87.66,22,6,1,48
35,Van,5,1,104.3,15,5,1,14
70,EV,5,0,189.28,6,6,2,49
83,Truck,4,0,111.9,1,4,1,20
30,Car,4,0,190.87,5,2,0,40
71,Van,8,1,40.16,8,4,2,10
74,Van,4,0,146.21,6,0,2,18
96,Van,4,1,163.39,1,3,1,17
98,EV,4,0,137.43,18,2,0,45
63,Truck,7,0,123.35,7,1,0,29
28,Van,4,1,115.14,10,6,1,15
60,Van,2,0,172.88,3,0,1,15
79,Car,2,0,165.22,15,0,0,43
94,Car,8,1,28.85,17,3,2,44
37,Truck,7,1,170.47,12,2,2,29
93,Truck,2,0,85.74,4,0,1,22
22,Bike,7,1,54.47,1,2,2,32
68,Car,7,1,174.6,10,2,2,49
20,Bike,8,1,89.24,0,5,0,36
96,EV,7,0,162.63,12,0,2,44
68,Bike,4,0,56.36,4,2,0,37
91,Van,7,1,5.77,17,3,1,14
64,Bike,8,1,101.61,13,0,1,33
17,Truck,8,0,24.54,12,3,0,22
12,EV,8,0,152.1,6,3,0,41
22,Van,2,0,58.83,7,2,1,12
17,Bike,4,0,91.51,17,2,0,36
10,EV,2,0,21.97,6,5,1,47
65,EV,5,0,60.9,19,6,1,44
22,Van,4,1,157.39,16,5,1,10
90,Bike,7,0,34.56,15,0,1,32
82,EV,8,1,131.2,10,5,1,4
50,EV,5,0,183.9,18,1,1,49
14,Car,4,0,137.57,0,0,2,43
64,EV,2,0,163.15,20,3,2,40
47,Car,8,0,26.25,7,5,1,49
29,Bike,2,1,53.89,0,5,2,38
76,Bike,4,1,179.44,8,6,0,39
36,Bike,4,0,144.45,18,5,0,33
99,Truck,5,0,129.71,20,2,1,21
52,Bike,7,0,134.43,8,3,2,38
76,EV,2,1,85.77,20,5,0,4
7,Van,5,1,13.69,9,4,0,13
29,Car,8,0,157.97,23,4,0,45
11,Truck,7,1,137.35,22,3,0,27
33,Bike,5,1,97.2,10,5,2,34
6,Bike,2,0,180.45,0,6,0,37
79,Van,4,0,70.55,19,1,0,10
32,Van,8,1,62.39,7,6,0,13
51,Truck,2,1,175.2,19,1,1,20
75,Car,7,0,160.41,11,0,0,42
58,Bike,7,0,105.42,0,0,0,36
87,Truck,4,0,30.49,9,6,2,20
26,EV,4,0,46.94,3,5,0,44
98,EV,8,1,132.96,14,6,0,1
46,Truck,8,0,80.08,18,0,0,25
98,Bike,4,1,168.11,5,2,1,38
29,Truck,4,1,190.24,4,1,2,22
4,Bike,7,0,162.1,4,3,2,35
81,Van,4,0,78.62,17,6,1,13
99,Truck,5,0,158.79,2,5,1,25
13,Bike,2,1,73.53,21,5,2,31
39,Truck,4,0,37.58,1,4,0,23
15,Truck,8,1,11.51,3,1,2,26
29,Bike,5,1,80.21,17,1,1,35
29,Bike,8,0,181.19,8,1,0,38
75,Car,5,1,51.6,18,6,2,46
32,Truck,4,1,45.27,9,0,0,20
2,EV,2,0,194.12,21,2,0,45
47,Truck,8,0,9.88,14,6,1,22
78,Truck,5,1,158.23,0,3,2,27
84,Bike,7,1,67.67,10,0,1,30
22,Truck,4,0,12.31,13,6,2,29
75,Truck,2,0,183.97,9,2,2,21
27,EV,4,0,32.23,18,1,0,42
67,Bike,7,1,112.6,23,2,0,32
81,Truck,2,0,58.44,20,0,0,26
56,Van,7,0,17.71,15,6,1,17
92,Car,4,1,14.73,7,1,0,48
93,EV,5,0,27.53,1,6,1,46
21,Truck,4,1,18.92,22,0,0,27
47,Van,4,0,153.31,6,3,1,15
80,Truck,4,1,99.69,18,1,2,21
59,Truck,8,0,71.86,6,2,1,20
84,Bike,7,1,86.58,14,0,1,32
6,Bike,7,1,186.14,7,4,1,38
19,Bike,7,0,182.6,13,2,2,36
57,Van,8,0,144.56,0,2,1,11
69,Truck,5,0,177.51,12,1,2,20
3,Car,4,0,67.33,2,6,0,41
1,EV,5,1,79.32,20,5,0,3
58,Bike,8,1,124.67,5,2,2,35
38,Bike,7,0,126.61,18,0,1,38
15,Truck,4,1,98.93,14,4,0,27
34,Truck,2,1,83.13,3,3,1,29
61,Van,2,1,197.31,20,4,1,18
35,Van,5,0,165.12,2,0,2,17
64,Bike,7,0,89.82,3,1,0,36
25,Truck,2,0,146.82,4,0,2,25
24,Car,5,0,57.56,17,5,2,47
12,EV,8,0,24.53,9,5,2,45
18,Truck,5,0,73.72,7,5,2,21
15,Truck,5,0,83.58,11,2,1,28
80,Van,5,1,8.22,21,1,0,18
27,EV,4,0,163.88,2,6,0,42
72,Bike,5,0,75.04,17,5,0,38
60,Truck,5,0,118.18,22,6,1,21
46,Bike,4,0,19.42,7,3,1,32
89,Truck,4,0,39.12,0,3,2,25
17,Bike,8,0,178.49,13,6,2,33
93,EV,7,0,123.69,21,0,2,47
53,Van,2,0,190.31,22,5,2,10
8,EV,2,0,199.76,12,2,0,45
79,Car,5,0,77.51,11,3,2,41
27,Van,8,1,63.27,2,4,1,15
46,EV,5,0,172.38,17,1,1,40
50,Car,2,0,199.73,20,4,1,41
71,Truck,4,0,127.78,12,6,2,28
3,Truck,7,0,160.05,14,3,0,25
93,Bike,8,0,157.44,9,3,0,37
64,Van,4,0,74.29,0,0,2,16
44,Truck,7,1,116.98,5,0,2,28
53,Van,8,0,167.45,8,5,1,18
24,Truck,8,0,139.18,9,6,1,23
60,Bike,2,1,9.13,14,1,0,36
3,EV,4,1,70.66,8,5,1,5
20,Bike,8,0,33.17,22,0,1,36
46,Car,8,0,50.43,13,2,2,43
15,Truck,7,0,181.57,10,1,0,29
25,Car,2,0,12.19,6,2,2,40
94,Car,5,0,47.86,23,5,0,43
78,Van,2,0,65.37,1,0,2,19
71,Truck,5,1,125.29,13,1,0,22
17,Car,4,0,109.15,5,5,1,48
84,EV,4,0,47.56,4,3,0,44
9,Car,8,0,37.03,4,5,0,43
38,EV,4,1,51.18,18,6,2,8
48,Van,8,0,102.99,18,4,0,14
60,Car,2,1,57.88,5,3,0,42
63,Bike,4,0,189.78,9,2,0,31
86,Van,2,0,95.45,22,3,2,17
2,EV,2,0,16.47,13,5,0,41
88,Van,4,0,147.21,16,3,2,17
72,Car,2,0,69.12,2,4,1,44
11,Truck,4,0,132.43,0,6,2,27
64,Truck,4,0,59.52,9,5,0,24
77,EV,4,1,116.3,2,4,1,1
81,EV,5,0,155.57,4,3,0,41
72,Truck,2,0,185.96,18,4,2,25
21,EV,7,0,55.92,9,3,1,42
18,Van,4,1,70.3,15,1,1,17
94,Bike,2,1,95.53,0,3,1,34
64,Bike,8,0,185.8,5,0,0,32
82,Van,4,0,180.77,8,4,1,19
95,Bike,4,0,22.53,4,6,1,36
38,Car,7,1,30.73,13,4,1,47
32,Van,5,1,101.62,9,2,1,13
11,EV,5,0,25.79,1,6,2,48
45,Van,4,0,72.39,4,6,0,15
89,Truck,2,0,33.94,0,2,0,20
33,EV,8,0,129.03,9,0,1,44
41,Truck,8,1,190.15,21,4,2,24
8,EV,2,0,199.36,8,6,1,46
11,Bike,4,0,78.17,2,4,0,36
86,Van,8,1,121.81,14,6,0,15
51,Car,5,1,171.97,3,2,0,47
88,EV,2,0,27.91,12,2,1,41
41,EV,7,1,139.47,5,3,1,7
17,Truck,4,0,84.72,19,5,2,29
76,Bike,2,1,45.2,16,4,2,36
46,Truck,8,1,83.54,22,4,0,23
32,Truck,4,0,19.81,4,6,0,29
79,Bike,5,1,140.6,14,3,2,31
80,Car,4,1,54.28,7,4,0,43
54,Truck,4,0,65.72,4,6,2,23
86,Truck,5,0,28.61,23,0,1,25
92,EV,5,1,173.61,12,2,0,7
20,Bike,4,0,101.22,0,2,0,32
33,Van,5,0,116.57,0,5,2,19
74,Car,2,1,116.04,6,2,1,40
40,Car,5,1,85.05,21,1,0,42
32,Bike,5,0,42.54,4,0,0,38
97,EV,4,0,150.3,13,0,2,40
2,EV,2,0,29.78,14,3,1,47
97,Bike,7,0,25.26,20,1,2,31
33,EV,7,0,143.48,16,4,1,45
77,Car,8,1,45.72,23,5,1,42
30,Car,5,0,64.82,17,0,2,46
33,Van,5,0,97.67,6,1,2,11
77,Bike,2,0,92.62,21,1,1,33
26,Truck,7,1,143.17,17,6,2,29
22,Truck,8,0,126.57,18,0,0,28
66,Van,2,0,130.66,19,6,0,15
38,Van,5,0,144.24,6,3,0,13
90,EV,7,0,62.06,7,1,0,41
46,Van,8,0,67.85,12,2,0,19
15,Van,4,0,90.41,17,1,2,18
98,Truck,7,0,64.96,23,4,1,23
44,EV,8,0,197.06,10,0,2,48
49,Van,2,0,163.74,8,4,0,11
75,Van,4,0,37.11,22,3,0,16
61,EV,8,0,6.09,0,5,2,44
67,Bike,8,0,13.34,21,2,2,37
6,EV,5,0,52.59,7,0,1,47
9,Truck,7,0,27.29,20,1,0,23
6,Bike,5,1,109.0,11,2,2,33
73,Car,4,0,172.31,1,1,1,47
95,EV,8,0,148.67,14,3,0,42
32,Truck,5,0,47.04,20,5,0,26
41,Bike,7,1,82.86,23,0,0,37
76,EV,4,1,104.04,17,3,2,8
8,Van,2,0,162.99,16,3,0,19
72,EV,5,0,168.63,14,5,0,43
50,Car,4,0,182.4,19,3,1,48
92,EV,2,0,104.3,19,3,2,49
62,Bike,5,0,140.38,8,1,1,33
84,Bike,4,1,26.8,2,6,2,37
62,EV,4,0,115.23,19,4,0,45
7,Bike,5,1,53.49,18,1,1,34
75,Van,4,0,89.18,17,5,2,13
84,EV,8,1,128.64,19,2,2,5
80,Van,5,1,55.11,7,5,0,10
4,Van,4,0,15.18,0,5,0,16
6,Truck,2,0,7.0,23,5,1,27
58,EV,2,0,9.32,23,5,1,48
22,Bike,8,0,6.63,14,3,2,32
26,Van,5,0,26.52,18,5,1,18
3,Truck,4,0,51.7,9,2,0,29
41,EV,4,0,48.14,11,5,1,44
60,EV,2,1,197.43,5,1,1,6
14,Car,8,0,64.67,12,3,2,40
75,Car,2,1,29.85,3,1,0,48
82,Van,2,0,111.38,12,3,2,18
12,Car,8,1,172.3,16,1,0,45
87,Van,5,0,137.22,0,0,0,17
12,Bike,4,0,62.74,4,4,2,33
13,Van,5,1,114.52,23,4,1,14
25,Car,7,0,144.4,16,3,2,44
45,Bike,7,1,146.98,17,0,1,36
19,Car,7,0,134.97,6,2,2,46
55,Van,8,0,174.81,15,0,2,16
45,Truck,2,0,174.67,7,6,1,24
8,EV,5,1,117.89,11,3,1,4
93,Car,4,0,88.82,13,0,1,47
53,Van,7,1,130.11,18,2,2,10
55,Bike,5,1,164.55,10,3,1,30
32,Car,7,0,6.1,11,4,1,45
51,Car,7,0,198.44,12,5,1,41
44,EV,4,1,40.66,7,0,0,3
82,Van,8,0,96.7,0,4,1,13
70,Truck,2,0,175.05,8,4,1,21
18,Bike,8,0,48.88,1,1,1,39
83,Van,5,0,97.98,13,2,0,16
22,Bike,8,0,30.85,12,6,0,39
37,Car,5,0,82.04,15,5,1,40
96,EV,5,1,39.54,1,0,1,3
56,EV,2,0,75.91,3,4,1,41
59,Truck,4,0,77.83,11,4,1,28
3,EV,2,1,198.67,15,6,0,8
28,Car,8,1,198.99,9,2,1,42
74,Truck,5,1,27.38,2,5,0,24
35,Van,7,0,146.56,3,5,2,12
61,EV,7,1,15.09,5,6,0,6
93,Truck,5,0,10.89,22,4,2,24
54,Car,2,0,25.54,4,4,0,41
63,Bike,4,0,193.27,17,4,0,39
79,Bike,2,0,188.47,2,4,0,37
97,Car,5,1,42.82,9,1,1,45
7,Car,5,0,36.53,10,1,0,42
76,Bike,4,1,51.9,18,6,1,30
49,Truck,8,1,105.53,13,5,0,24
94,Bike,8,0,116.09,20,3,0,31
85,Car,4,0,48.21,10,0,2,41
31,EV,8,0,152.54,20,2,0,48
58,Van,7,0,65.36,3,3,1,19
61,EV,8,0,184.82,23,1,2,46
24,EV,8,1,133.06,21,1,2,6
20,Car,8,0,90.09,5,1,0,40
37,Bike,7,0,159.03,16,3,0,39
4,Truck,8,1,164.49,21,1,2,21
92,EV,7,0,61.64,18,3,1,46
20,Bike,4,1,71.24,12,1,0,32
60,Truck,2,0,187.51,21,4,2,21
24,EV,4,0,37.12,9,4,1,45
50,Truck,2,0,13.22,10,0,0,27
49,Bike,4,0,93.54,5,1,2,37
51,Van,2,0,161.24,1,6,2,11
96,Bike,2,1,155.48,0,0,0,35
36,Car,5,0,184.31,10,3,1,44
98,Truck,2,1,108.97,15,0,1,26
66,Van,2,0,24.51,2,1,2,13
79,Truck,5,0,119.79,4,3,1,21
34,Truck,8,0,156.79,14,6,2,29
36,EV,8,1,23.2,14,3,0,3
6,Car,5,0,38.67,3,4,1,48
39,Truck,7,0,7.4,22,3,0,29
42,Bike,2,1,120.76,3,3,2,37
58,Bike,2,0,177.91,7,0,0,38
12,EV,5,1,135.78,6,6,1,5
3,Car,5,0,196.5,16,5,0,44
18,Car,7,1,17.29,14,3,1,46
40,Bike,8,1,181.09,4,2,1,36
21,Van,4,1,163.74,12,5,1,10
15,EV,8,0,66.28,3,4,1,44
97,EV,2,0,194.84,21,6,1,47
99,Bike,5,1,61.15,16,6,2,36
26,Bike,7,0,178.41,21,4,0,31
8,Van,8,0,176.75,16,3,2,17
94,Van,7,1,152.74,13,0,0,11
87,Car,8,0,114.88,13,5,0,49
42,EV,2,0,28.4,16,4,0,40
44,EV,4,0,108.73,7,4,2,42
14,Bike,7,0,74.58,1,2,1,32
78,Car,7,0,159.48,12,3,1,45
2,EV,4,1,152.84,21,5,2,3
37,Car,7,0,182.57,15,4,1,46
69,Car,7,1,7.89,15,6,0,47
38,Bike,8,1,162.78,5,4,1,32
41,Car,8,1,188.0,21,4,1,48
62,Van,4,0,158.91,23,4,1,10
60,Van,2,1,30.39,3,0,0,12
14,Truck,7,0,20.85,2,1,1,22
89,Bike,2,0,9.06,5,2,1,36
84,Truck,4,1,127.61,3,6,1,24
2,Van,4,0,127.79,17,0,2,13
70,Truck,8,1,197.45,5,2,2,21
17,Bike,7,0,82.62,4,4,1,36
89,Bike,5,1,69.72,8,2,2,32
28,Car,4,0,126.76,10,3,2,46
66,EV,7,1,165.99,5,3,0,7
35,Car,2,0,187.67,15,1,2,41
5,Bike,8,0,161.61,18,1,2,36
65,Van,2,0,88.2,10,2,1,15
40,Van,4,0,128.81,20,0,0,19
76,Car,4,0,171.98,14,0,0,43
56,Bike,2,0,100.67,23,4,0,34
36,Van,4,0,47.25,8,0,2,17
45,Bike,7,0,38.1,23,1,1,34
23,Van,4,0,5.03,18,0,0,12
47,Bike,8,1,145.06,18,4,0,31
31,Truck,7,1,26.66,23,3,2,25
11,Bike,5,1,52.55,8,0,0,35
10,Bike,4,1,63.09,22,0,1,36
67,Car,4,0,114.27,3,1,0,47
14,Truck,8,0,82.6,9,2,1,23
80,EV,8,0,136.56,8,3,1,47
74,Car,2,1,15.85,18,2,1,40
93,EV,2,1,29.17,14,4,2,6
10,Van,2,0,102.35,18,4,2,15
76,EV,8,0,70.71,1,2,1,42
94,Bike,2,0,62.68,9,1,1,38
1,EV,2,0,18.07,18,5,0,44
5,Car,5,0,179.67,16,1,0,40
20,Car,2,0,139.9,19,5,0,46
8,EV,4,1,28.72,23,5,2,3
43,Car,8,0,17.68,20,1,0,49
76,Car,7,1,195.1,1,5,1,49
1,EV,5,1,137.83,18,5,1,4
57,Truck,8,1,86.4,16,5,2,25
64,Truck,8,1,141.84,17,3,2,27
84,Van,4,1,152.48,16,4,0,13
28,Car,2,1,157.09,1,5,2,48
37,EV,4,1,98.19,18,4,1,8
47,Car,2,0,88.83,0,6,1,49
76,Bike,2,1,7.15,10,4,2,39
37,Car,8,1,185.68,9,6,1,45
49,Car,2,1,122.65,4,3,2,46
44,Truck,5,1,44.62,15,4,1,27
56,EV,5,0,184.32,23,2,0,41
28,Car,5,0,183.41,4,0,2,44
79,Truck,8,0,197.89,23,3,2,26
6,Van,4,0,175.44,22,0,2,17
61,Truck,7,1,199.57,11,2,1,24
20,Truck,2,0,52.71,3,1,0,22
78,Truck,7,0,169.24,22,1,2,25
2,Car,4,0,165.49,5,5,1,44
73,Car,4,0,50.03,18,1,2,47
37,Van,8,1,24.2,8,3,1,18
20,Bike,5,1,195.99,11,1,0,38
26,Bike,5,0,62.72,14,3,1,35
29,Bike,4,0,174.82,15,3,1,33
1,Van,8,0,5.8,12,0,2,13
35,Bike,8,0,9.1,20,1,1,38
70,Bike,2,0,95.84,23,4,2,33
59,Truck,5,1,51.55,6,6,1,27
69,Car,4,0,139.52,22,1,0,48
33,Car,7,0,115.29,19,1,1,44
51,Truck,5,0,20.11,3,1,2,25
78,Truck,2,1,36.71,10,5,1,22
12,Truck,8,1,80.67,7,4,1,24
20,Car,4,1,41.19,5,4,0,44
53,Bike,5,0,159.48,9,3,2,31
88,Truck,7,1,86.13,6,4,0,29
43,Van,2,0,23.22,6,3,1,15
98,Truck,2,0,99.45,3,6,0,28
89,EV,5,0,22.71,2,0,1,46
50,Truck,7,0,30.14,23,3,1,27
29,Car,2,1,51.72,6,1,0,41
57,Truck,4,1,172.61,3,2,0,28
39,EV,2,0,185.3,12,2,1,42
95,Van,7,1,166.12,19,5,0,19
56,Bike,8,1,70.15,16,1,0,34
43,Truck,8,1,58.13,6,3,1,26
50,EV,5,0,112.09,16,1,2,43
23,EV,7,0,145.76,3,5,0,46
44,Van,2,0,198.71,10,4,0,17
38,Car,2,1,30.66,2,3,2,49
84,Truck,8,0,14.61,10,6,0,29
23,EV,8,0,140.4,2,1,1,43
45,Van,4,0,167.28,11,4,0,14
52,Bike,8,0,170.04,0,5,1,32
80,EV,4,1,137.3,3,4,2,5
50,Van,2,1,191.03,13,3,2,17
8,Car,4,1,104.65,0,5,2,42
85,Car,4,1,183.19,13,5,0,44
1,EV,5,0,193.72,12,5,2,49
8,EV,8,0,170.2,12,0,0,40
29,Truck,4,0,65.4,23,5,0,21
96,Van,2,0,43.26,14,0,0,12
5,EV,7,0,111.88,16,4,2,40
86,Truck,4,1,93.34,11,6,2,28
47,Truck,8,0,176.16,21,0,0,28
34,EV,5,1,24.51,22,4,2,5
65,Car,2,0,55.26,13,0,0,43
55,Van,5,0,151.6,11,4,2,14
90,Van,7,0,23.52,17,4,1,13
43,Car,4,0,67.55,3,6,2,44
74,EV,4,0,80.5,13,5,2,46
30,Van,8,0,126.41,18,6,2,17
82,EV,4,0,35.84,12,6,0,41
17,EV,2,0,172.82,22,5,0,43
26,Truck,7,0,92.27,17,4,1,27
8,Car,5,1,183.82,10,5,1,46
47,EV,7,1,96.23,5,4,1,9
76,Bike,4,0,58.63,8,5,0,34
91,Car,5,1,32.66,11,2,1,45
72,Van,8,1,5.73,18,0,1,17
89,Truck,7,1,108.77,13,6,2,24
46,Van,5,0,25.9,14,4,1,18
68,Van,5,0,81.39,10,1,2,13
33,Car,5,1,119.91,5,5,0,47
1,Van,2,0,58.76,13,5,0,12
19,EV,7,1,39.17,2,3,2,5
31,Van,5,1,156.07,18,1,1,17
80,Truck,7,0,189.62,19,1,0,29
14,Truck,5,0,24.59,10,6,2,26
53,Bike,8,0,35.34,23,2,0,30
48,Truck,8,0,192.2,16,0,0,23
69,Van,8,0,12.37,16,2,1,11
90,Truck,4,0,195.64,22,0,0,21
62,Car,5,0,5.91,2,4,2,46
92,Truck,4,0,175.37,13,6,1,22
66,EV,7,1,64.93,6,2,2,3
64,Car,4,0,188.02,18,3,2,45
70,Bike,7,1,66.8,2,0,2,35
63,EV,7,1,132.59,1,2,1,1
73,Van,7,0,20.61,16,6,0,10
33,Van,4,1,52.25,8,3,2,15
41,Van,5,0,155.87,21,6,0,16
89,EV,4,1,108.09,5,1,0,9
48,EV,5,0,185.95,23,5,2,43
13,EV,5,0,88.61,20,4,0,49
73,Car,7,0,174.61,8,6,1,45
77,Car,4,0,92.55,4,4,1,42
31,Van,5,0,195.95,1,6,0,13
75,Truck,8,0,192.17,21,1,0,28
68,Van,5,0,69.18,14,6,1,10
98,Bike,8,0,177.76,8,6,0,34
4,Car,4,0,170.28,18,2,0,46
19,EV,4,0,46.08,9,5,0,42
70,Car,4,0,126.74,3,1,0,41
98,EV,5,0,19.17,9,3,2,41
82,Bike,2,1,168.16,7,5,0,30
13,Bike,5,0,39.04,21,0,1,34
23,Car,5,1,18.81,12,2,2,42
83,EV,7,0,83.04,6,5,2,46
75,Bike,7,1,117.5,6,0,1,30
1,Van,5,0,171.71,3,1,0,18
88,Van,8,0,194.98,14,6,2,11
54,EV,7,0,90.7,11,4,2,47
71,Car,5,0,16.79,15,5,0,49
89,Bike,2,0,151.08,5,5,0,33
85,Car,8,0,115.21,8,0,1,45
15,Van,4,1,92.34,2,0,2,18
65,Bike,5,0,65.31,7,4,0,36
76,Car,5,0,102.97,6,0,0,47
71,Truck,8,1,71.04,3,0,1,26
15,EV,7,0,152.62,12,5,2,41
21,EV,7,1,111.06,18,4,0,9
19,Truck,7,0,175.99,6,4,1,20
60,Van,4,1,110.99,9,6,2,11
93,Bike,8,0,51.46,11,5,2,32
89,EV,8,1,170.96,2,6,2,3
33,Truck,7,1,113.66,23,1,2,29
49,Truck,7,0,45.33,11,1,1,23
96,Van,2,0,126.58,18,5,0,14
35,Van,2,0,74.75,14,0,2,15
44,Car,5,1,169.66,7,2,2,40
90,EV,5,0,93.39,11,1,0,47
11,Car,8,0,146.66,19,1,2,45
99,Truck,8,0,23.63,5,5,2,29
72,Bike,4,0,82.22,9,6,0,38
78,Bike,4,0,196.73,1,5,0,34
74,Van,2,1,162.65,23,2,2,16
66,Bike,5,0,36.19,12,2,0,33
46,Bike,2,1,59.16,6,4,1,35
9,Bike,2,0,69.31,7,5,1,35
3,Truck,5,0,131.82,22,1,2,23
85,Bike,4,0,152.61,15,6,2,35
26,Bike,5,0,151.16,10,6,0,37
72,Bike,7,1,104.43,3,3,0,34
48,Car,7,1,163.11,16,3,2,41
66,Truck,7,0,90.23,15,0,2,28
70,Van,8,0,29.16,18,1,1,13
28,Car,4,0,115.07,22,3,0,43
93,EV,4,1,190.7,10,6,2,7
26,Truck,8,1,159.63,6,1,2,29
25,Truck,2,1,117.85,12,5,0,29
12,EV,7,0,131.13,18,1,0,45
5,EV,7,0,186.46,16,3,2,43
98,EV,2,0,88.53,21,6,2,45
48,Van,5,0,69.62,12,1,2,12
37,Bike,5,0,195.56,11,2,0,36
79,Truck,4,0,173.37,6,0,2,25
44,Bike,8,0,67.99,0,4,2,32
15,Bike,4,1,95.44,0,6,2,30
43,EV,5,1,85.94,19,3,1,5
48,Van,2,0,34.07,22,5,1,19
87,Car,4,0,191.77,13,4,0,41
70,Van,7,0,83.84,14,0,2,16
46,Bike,7,1,175.69,10,6,2,36
43,Van,2,1,41.92,23,6,0,13
21,EV,5,1,111.83,8,2,0,6
23,Car,7,1,9.67,16,2,0,40
80,EV,7,0,154.02,3,2,2,41
47,Car,8,0,118.28,19,2,1,45
15,Bike,4,0,126.99,18,3,0,31
25,Car,5,0,15.09,6,6,2,43
36,Car,4,1,46.15,0,3,0,43
75,Car,5,0,19.49,8,1,2,49
51,Van,7,0,61.34,12,5,0,18
15,Van,8,0,127.35,23,1,2,19
68,Bike,4,1,115.41,1,5,0,36
21,Car,7,0,124.37,1,0,1,46
13,Truck,5,1,112.1,23,1,0,20
86,Bike,4,0,58.24,14,0,0,34
19,Car,4,0,52.68,16,0,1,42
34,Car,7,0,31.73,12,0,0,42
78,Van,4,1,170.57,6,2,1,15
68,Bike,8,0,125.21,8,4,2,33
52,Car,8,1,41.37,11,4,1,47
27,Car,7,0,39.56,2,3,1,43
29,Bike,5,0,175.24,22,0,2,37
28,Truck,7,1,149.83,21,2,1,23
35,Bike,8,0,133.58,14,1,1,32
8,Bike,2,0,84.34,6,1,2,34
16,Truck,2,1,56.09,22,3,0,24
36,Bike,4,0,195.99,0,3,0,39
30,Car,4,1,160.46,13,0,1,49
18,Bike,2,0,63.85,18,0,0,30
2,Truck,8,0,170.28,15,1,0,27
49,EV,4,0,152.99,9,1,1,47
77,Bike,7,1,62.93,0,1,2,37
4,Van,7,0,88.18,4,1,0,19
90,Car,8,1,41.26,2,4,1,43
89,Car,4,1,26.66,16,0,2,48
94,Van,7,0,145.94,17,0,0,19
75,Van,4,0,57.16,20,1,2,12
7,Bike,4,0,164.91,18,2,1,36
95,Van,7,0,199.14,21,1,2,15
74,EV,2,0,19.94,21,5,2,48
39,Truck,7,1,97.24,17,6,1,23
13,Van,8,1,161.4,15,6,0,13
31,Van,5,1,158.85,1,3,0,15
71,EV,7,1,153.2,14,5,2,8
63,Car,4,1,73.05,12,2,2,42
56,Car,4,0,93.5,12,3,2,47
42,Bike,7,1,121.02,15,6,2,37
61,EV,5,1,194.92,7,2,0,7
42,Truck,7,0,68.87,10,3,1,26
56,Truck,5,1,185.01,7,1,1,24
36,EV,5,0,57.52,21,1,1,41
84,Truck,8,1,197.87,9,2,2,21
68,Car,4,1,135.7,22,3,2,49
7,Truck,4,1,95.38,0,4,1,27
54,Truck,5,0,124.61,11,2,0,25
1,EV,4,1,58.14,8,2,1,8
44,EV,2,0,58.46,4,5,0,42
45,Truck,5,0,27.14,8,0,2,20
47,Van,4,1,27.24,15,2,1,15
13,EV,2,0,72.8,17,4,1,41
22,Bike,8,1,153.76,7,1,2,38
21,Bike,4,0,123.55,22,3,0,34
86,Car,2,0,25.0,10,0,1,44
92,Truck,7,1,171.19,19,3,1,29
9,Van,7,0,122.27,18,1,0,17
26,Car,2,0,192.37,3,2,1,45
9,Truck,5,1,135.69,19,5,1,22
15,EV,5,0,39.16,9,4,2,48
10,Bike,4,1,97.39,23,0,0,39
88,Van,7,0,131.46,12,4,1,13
42,Bike,5,0,10.51,19,6,1,39
72,EV,5,0,7.91,13,4,2,43
24,Truck,7,0,30.23,20,4,1,21
80,EV,8,0,54.07,1,4,2,42
49,EV,5,0,88.76,3,1,1,43
26,Bike,2,0,100.05,6,4,2,36
91,Van,4,0,31.92,18,5,0,12
37,EV,5,0,136.31,16,4,0,47
68,Bike,5,0,121.25,15,1,1,37
50,Van,8,0,62.42,12,3,1,19
24,Truck,2,1,7.66,23,1,2,21
19,Truck,4,1,20.14,23,6,2,23
60,Car,5,1,81.38,21,6,0,47
39,Bike,4,0,35.02,22,5,1,30
74,Van,7,1,78.48,17,5,2,10
89,EV,5,1,127.5,20,2,0,4
18,Truck,5,1,111.71,11,1,0,21
19,Van,7,0,50.08,22,3,2,10
36,Bike,8,1,72.05,0,2,1,37
74,Car,5,1,124.74,14,2,0,41
97,Truck,4,1,172.87,2,0,2,23
55,Van,2,0,151.88,5,4,0,12
69,Van,4,0,112.91,13,2,1,11
47,Van,8,0,75.65,22,2,2,17
49,Bike,2,0,76.18,5,5,1,32
99,Bike,4,1,176.49,0,3,1,38
98,Bike,4,0,12.65,19,2,0,39
33,EV,7,0,197.66,5,6,1,44
21,Van,8,0,134.55,7,3,0,18
81,Truck,7,0,137.82,14,4,2,22
22,Bike,2,0,12.41,13,6,2,34
48,Bike,7,1,123.08,15,5,0,39
37,Van,8,0,99.53,19,6,0,15
15,Bike,5,0,25.63,22,0,0,38
35,EV,5,0,59.19,15,0,1,47
92,EV,2,0,178.61,18,4,2,41
71,Bike,5,0,112.25,23,4,2,31
32,Van,7,1,85.62,0,6,1,14
11,Van,2,1,19.17,3,5,0,14
10,Van,8,1,144.25,23,5,2,14
73,Car,2,1,142.06,9,1,1,43
78,Bike,2,0,124.74,19,2,0,37
77,Van,4,1,104.5,17,2,2,14
57,EV,4,1,89.59,1,2,0,1
25,Truck,2,1,120.69,3,3,1,29
2,Truck,5,0,50.51,14,1,2,24
64,Van,4,1,188.55,3,6,0,10
35,Truck,8,1,119.81,15,2,0,23
7,Truck,7,1,65.68,14,3,0,20
85,Car,4,0,92.69,17,3,1,45
18,EV,2,1,162.11,6,0,0,6
67,EV,5,1,36.52,14,3,2,1
42,Car,7,1,62.1,21,4,2,47
39,Car,4,0,137.5,10,5,0,43
41,Truck,5,1,66.52,18,3,1,21
75,Bike,5,0,159.54,7,4,2,30
24,Truck,5,0,30.44,23,4,2,22
60,Car,2,0,153.72,0,0,2,46
46,EV,8,1,18.33,2,6,0,8
19,Truck,5,0,7.46,4,0,2,24
68,Bike,7,0,180.15,17,3,0,36
90,Truck,4,1,118.36,11,0,0,21
42,Van,7,1,73.61,11,0,0,13
32,Truck,2,0,50.36,20,6,0,25
39,Car,2,1,125.29,18,5,0,44
36,EV,7,1,104.26,8,2,2,6
97,EV,8,0,198.36,10,3,0,41
36,Car,2,0,196.73,16,6,0,46
3,Van,2,0,128.83,15,3,0,17
73,Car,7,0,91.36,3,3,0,48
8,Truck,2,0,100.77,9,0,0,25
97,Car,8,1,138.08,21,5,0,46
70,Car,8,1,24.81,14,0,2,40
41,Van,8,0,69.03,18,4,0,18
68,Truck,4,0,19.68,2,1,0,25
13,Bike,8,0,19.31,20,1,2,33
49,Bike,8,0,43.19,22,6,2,39
60,EV,4,0,99.62,4,1,1,48
2,Car,5,1,158.03,10,6,2,40
60,EV,2,1,99.67,23,2,2,2
5,Van,8,0,70.42,4,0,0,12
44,Bike,2,1,21.06,6,4,1,30
27,Car,7,0,112.31,5,4,0,41
32,Van,2,1,57.9,12,1,1,11
21,Van,4,0,124.91,1,5,0,16
8,Car,2,0,195.55,18,2,2,49
72,Van,2,1,26.71,10,6,2,15
50,Car,2,0,46.36,19,2,1,48
67,Car,5,1,97.25,4,1,0,44
44,Truck,5,0,193.88,8,6,0,28
58,EV,7,0,155.5,5,6,2,49
3,Van,4,0,180.15,16,1,2,18
86,Van,2,0,70.07,18,0,1,11
70,Truck,2,1,198.45,22,5,2,28
2,Truck,2,0,25.05,7,2,1,22
87,Truck,2,1,15.33,6,4,1,22
44,Bike,5,1,171.84,4,1,1,38
2,Bike,7,1,185.82,14,0,1,36
81,Bike,8,0,22.66,9,4,2,37
35,Car,4,1,27.12,23,2,1,46
98,Van,2,0,11.47,15,1,2,18
87,EV,7,0,25.38,8,6,1,47
30,Car,8,0,45.84,6,5,2,43
8,Van,7,0,194.16,10,1,1,11
22,Van,5,0,135.23,8,5,2,14
44,Truck,8,1,156.82,16,0,0,21
58,Truck,7,0,156.35,8,0,1,23
36,Car,5,0,109.34,2,2,1,41
69,Truck,7,1,160.51,21,5,0,24
77,Van,7,0,121.18,7,1,0,15
93,Truck,8,0,66.34,18,0,1,20
31,Bike,5,0,114.42,19,1,2,37
47,Truck,2,1,109.03,15,2,1,21
55,Van,4,0,165.57,6,5,2,14
80,Car,8,0,196.44,6,1,0,47
62,EV,5,0,85.15,19,4,2,44
30,Truck,7,1,153.86,12,1,1,22
55,Van,5,1,24.45,2,3,0,15
16,EV,4,1,156.48,11,3,0,1
12,EV,4,0,77.43,23,6,1,40
17,Bike,2,0,12.68,7,2,1,37
16,EV,2,0,75.83,12,2,0,46
12,Van,4,0,124.08,19,2,2,19
8,Van,8,0,28.25,15,4,2,19
84,Truck,8,0,185.19,6,5,2,22
3,Truck,7,0,20.15,3,4,1,27
16,Truck,2,1,186.35,11,6,0,27
30,EV,7,0,142.89,16,1,2,40
23,EV,2,1,69.29,0,0,0,7
92,Bike,4,0,81.2,16,5,2,31
5,Truck,8,0,149.46,1,3,0,21
84,Car,8,0,122.29,5,3,1,41
65,Bike,4,0,135.97,11,6,1,34
30,Car,7,0,80.89,10,3,1,46
21,EV,7,0,100.12,20,6,2,43
84,Bike,5,1,198.02,10,1,1,33
70,Bike,2,1,46.71,17,1,1,38
22,Van,7,0,86.48,7,2,1,19
82,EV,4,1,61.91,6,0,0,9
72,EV,7,1,154.2,13,2,0,7
32,Bike,8,1,153.98,15,1,0,39
33,EV,2,1,62.03,11,4,0,4
16,Bike,5,0,20.87,8,2,0,37
76,Van,2,0,7.23,19,5,0,19
38,Bike,8,0,88.35,22,1,0,32
98,EV,8,0,85.02,20,1,1,42
14,EV,8,0,197.74,15,4,1,46
36,Bike,8,0,96.61,20,4,2,38
97,Bike,4,1,55.0,18,4,1,33
23,Bike,5,1,178.79,15,0,0,33
66,Truck,8,1,100.76,8,5,0,20
85,EV,8,1,121.84,12,1,2,1
2,EV,7,1,23.66,4,4,1,3
91,Truck,5,0,79.67,21,0,1,26
73,Bike,2,0,189.12,18,3,2,38
65,Van,5,0,119.95,9,5,0,13
75,Bike,5,1,72.18,6,6,0,31
67,Bike,5,0,127.01,8,6,0,35
52,Truck,8,1,182.53,13,3,0,25
62,EV,8,0,58.43,14,3,2,48
23,Bike,4,0,103.5,12,1,1,33
26,EV,2,1,191.94,9,0,0,8
68,Car,7,0,38.62,13,0,1,42
82,EV,5,0,145.33,20,3,1,41
55,Van,2,0,124.82,22,5,0,18
6,Van,2,0,137.54,11,2,0,15
35,Bike,4,1,73.49,18,3,0,37
22,EV,7,0,66.21,5,1,1,49
43,Bike,5,0,138.42,11,3,2,38
15,Truck,7,0,47.03,23,5,0,20
86,Van,4,1,86.83,12,5,1,10
60,Bike,8,0,41.69,7,3,1,34
12,Truck,2,1,6.62,15,0,0,28
49,Bike,5,1,194.16,1,3,2,36
42,EV,8,0,89.18,21,4,0,46
38,EV,4,1,194.02,6,4,0,2
82,EV,7,1,32.36,11,2,2,3
45,EV,2,0,119.54,6,1,0,43
35,Car,5,0,44.19,18,1,0,41
30,Truck,8,1,159.06,13,6,2,29
88,Truck,8,1,157.82,8,0,1,28
30,EV,2,0,26.96,17,1,1,44
78,Car,7,0,182.85,10,2,1,46
6,EV,4,1,42.95,15,4,1,9
67,Car,7,1,124.53,18,0,1,44
80,EV,7,1,197.2,10,5,0,6
7,Van,7,0,177.07,17,4,2,13
52,Van,2,1,191.53,10,2,1,17
14,Bike,2,0,71.81,3,0,2,30
73,EV,4,0,25.59,17,3,1,40
15,Truck,7,1,41.73,18,1,0,24
21,Bike,2,1,102.6,12,2,1,39
35,Van,4,0,159.68,3,0,1,18
66,EV,4,0,34.28,9,4,2,41
91,Bike,7,1,133.65,21,0,2,32
2,EV,5,0,68.1,4,3,0,47
35,Van,7,1,71.53,2,2,2,14
82,Bike,5,1,134.07,15,0,2,32
78,Van,4,0,96.06,7,5,2,15
20,Car,2,1,163.35,23,2,0,45
82,Van,8,1,35.4,6,2,0,14
10,EV,4,1,159.04,18,4,0,5
25,Truck,2,1,17.53,13,6,2,25
66,Van,4,1,42.84,14,1,2,11
25,Truck,7,0,132.95,16,6,0,25
54,Car,5,0,171.71,20,5,2,41
33,Bike,4,1,54.27,0,3,2,32
36,Bike,2,0,68.8,5,0,1,31
95,Truck,7,0,109.74,22,6,0,20
14,Bike,8,1,46.26,14,1,0,30
65,Van,7,1,163.18,11,4,2,18
80,Truck,5,0,155.86,20,1,2,23
54,EV,7,1,33.33,19,2,1,5
52,Van,8,1,95.45,1,2,0,19
3,Van,2,0,156.09,4,3,0,16
99,Van,4,1,70.78,8,5,2,11
41,EV,5,0,128.46,19,0,0,49
6,Car,8,0,14.79,13,0,2,48
25,Bike,5,0,123.69,17,4,1,33
13,Truck,7,0,34.77,21,3,2,29
98,Car,5,0,166.96,7,0,1,49
8,Truck,8,1,74.31,1,5,2,20
21,Bike,4,1,59.9,8,2,1,37
98,EV,4,0,168.97,6,3,1,43
68,Van,5,1,14.78,17,1,0,16
25,Van,2,0,82.34,15,6,2,12
79,EV,5,0,77.15,20,6,0,48
68,Car,7,1,60.54,4,3,0,44
45,Car,4,0,182.79,22,3,2,44
60,Truck,4,0,151.43,14,5,0,22
12,EV,4,1,17.47,4,5,0,9
32,Car,2,0,144.36,10,0,0,42
96,EV,2,1,107.82,21,6,2,2
92,Bike,8,0,180.67,13,4,0,38
13,Van,5,0,66.02,18,4,0,18
31,Van,5,0,116.96,2,5,0,19
78,Van,7,0,102.65,23,0,2,13
20,EV,4,0,100.46,9,0,1,43
18,EV,2,0,93.94,5,0,1,49
93,Truck,7,1,45.1,2,5,1,25
60,Van,7,1,152.36,1,4,1,18
63,Truck,2,0,93.01,12,0,0,27
6,Van,5,0,191.91,17,5,2,19
32,Truck,4,0,55.86,1,1,0,22
93,Truck,5,1,138.14,14,1,2,25
43,Bike,7,1,188.44,4,2,0,36
2,Truck,4,0,134.37,14,1,1,25
60,EV,8,1,174.9,20,3,1,3
23,Truck,7,0,166.36,16,2,2,28
83,Van,5,0,75.22,1,1,0,13
31,Truck,5,0,122.02,17,3,1,21
5,Car,5,0,35.47,14,1,2,48
83,Van,2,0,109.43,19,5,0,12
34,Car,7,0,49.93,22,6,2,45
10,Van,4,1,150.03,2,3,0,14
89,EV,5,0,107.97,4,0,0,41
2,EV,5,0,85.19,10,5,0,40
11,EV,2,0,57.42,8,6,2,48
50,Car,4,0,199.75,4,3,2,42
31,Bike,7,0,18.98,0,5,0,36
56,Van,8,0,13.49,13,0,1,18
79,EV,2,0,47.37,4,3,0,48
73,Van,7,0,194.36,7,3,2,19
87,Car,8,0,195.95,20,6,0,45
83,Bike,5,0,132.71,13,5,2,37
9,Car,5,1,176.62,15,1,0,48
99,Van,4,1,46.72,5,3,0,12
21,Bike,8,0,194.55,7,1,1,35
73,Bike,5,0,32.84,1,3,1,34
28,Car,5,0,24.72,18,4,2,46
62,EV,4,0,26.88,8,2,0,46
7,Van,7,0,116.76,4,1,2,18
80,Truck,5,0,157.29,4,1,0,20
16,Truck,2,0,76.5,18,6,0,25
97,Car,2,1,195.69,3,0,0,44
4,Van,7,0,89.71,15,4,1,13
4,Van,8,0,34.34,15,0,2,19
40,Car,4,0,95.86,15,4,0,40
17,Van,2,1,137.41,6,4,0,13
52,EV,2,1,167.28,17,5,2,7
93,Car,7,0,94.46,23,5,2,43
52,EV,8,1,120.75,20,5,0,1
36,Van,8,0,57.13,0,3,1,19
38,Car,7,1,130.95,2,6,1,40
50,Van,2,1,197.26,20,0,0,10
63,Car,4,0,14.57,7,2,1,49
63,Van,2,1,177.87,0,4,2,14
62,EV,8,0,114.65,6,4,1,46
99,EV,2,0,54.16,6,6,2,48
7,Van,4,0,191.2,7,1,2,17
27,Car,5,1,99.25,18,3,2,41
92,Truck,2,0,69.68,16,2,2,28
86,EV,7,0,40.39,10,5,1,43
14,EV,5,1,52.67,14,4,2,5
71,Truck,7,0,167.41,8,1,0,24
86,Van,7,0,124.81,16,0,2,13
5,Car,7,0,183.08,10,4,0,45
55,Van,2,0,50.23,5,1,2,10
2,Bike,8,0,28.62,8,0,2,31
62,EV,5,0,6.19,17,3,1,43
91,Bike,4,1,104.03,19,5,2,33
21,EV,8,1,199.67,1,6,2,8
79,EV,2,0,140.52,3,0,1,48
21,Bike,7,0,65.14,17,4,1,33
10,Bike,4,0,175.99,0,2,0,35
87,Van,5,1,157.44,10,0,1,13
58,Bike,8,0,8.01,2,2,0,33
39,Van,8,0,164.29,7,2,2,18
5,Van,4,1,63.6,4,0,0,13
65,Van,2,0,34.19,19,6,1,15
13,EV,5,0,49.13,20,6,2,48
85,EV,4,1,96.37,21,3,0,3
90,Bike,7,1,87.85,21,6,0,36
85,EV,5,0,61.33,4,0,0,46
53,Bike,8,1,38.58,10,6,2,30
82,EV,4,0,153.64,11,1,0,41
45,Car,8,1,198.07,21,5,0,44
32,Car,8,0,156.67,8,2,1,47
36,Bike,8,1,62.71,20,5,0,35
81,EV,2,1,52.74,12,4,2,7
99,EV,8,1,47.44,21,2,1,3
60,Van,7,1,31.66,19,4,2,15
11,Truck,7,0,112.51,2,1,1,28
63,Bike,5,0,123.05,12,1,1,32
21,Truck,8,0,142.57,21,5,0,25
52,Truck,8,1,137.64,10,1,2,26
55,Bike,4,1,62.0,10,0,0,34
26,EV,2,0,69.41,20,2,1,49
68,Bike,5,1,137.9,19,4,0,37
34,Truck,8,1,73.14,20,6,1,27
52,EV,4,1,46.46,6,5,1,6
82,Car,2,1,78.0,16,5,2,46
99,Bike,5,0,58.06,15,1,2,32
93,Bike,5,0,22.22,13,1,2,36
52,EV,8,0,166.88,0,4,2,46
29,Car,5,0,171.36,10,2,0,43
38,Car,4,1,47.85,12,2,2,49
42,EV,5,1,17.63,0,5,2,4
21,Van,7,1,149.07,1,4,2,12
42,Bike,4,1,46.25,8,5,1,39
13,Bike,2,0,81.72,12,6,1,36
64,Truck,2,0,17.51,4,3,2,24
17,EV,8,0,49.12,8,2,1,42
9,Truck,8,0,159.62,12,4,1,25
41,Truck,7,0,161.86,4,6,0,25
1,Car,2,0,45.38,14,4,1,45
2,Bike,2,0,70.5,6,5,0,31
60,Truck,2,0,31.18,13,1,1,29
48,Car,2,1,19.46,15,4,2,46
29,EV,5,0,198.47,5,5,1,46
97,Truck,4,0,132.84,1,0,1,29
10,Bike,4,0,110.71,15,1,0,33
58,Truck,7,1,154.27,18,1,2,25
60,EV,5,0,168.82,4,2,0,43
21,Truck,2,0,162.31,3,3,2,23
28,Bike,2,1,8.23,13,2,2,35
75,Car,8,0,41.43,5,0,0,48
34,Bike,8,1,132.71,7,5,1,36
8,Car,7,0,78.27,23,1,2,41
59,Van,2,0,196.58,2,1,1,15
86,Bike,7,0,134.75,3,6,0,34
72,Bike,5,1,191.53,0,4,0,35
49,EV,4,0,44.28,1,3,0,47
79,Truck,2,0,173.47,12,3,0,27
17,Car,5,0,67.66,8,4,2,42
60,Car,2,0,197.97,11,0,0,48
87,EV,8,0,35.75,9,3,1,45
88,EV,7,1,105.69,9,1,1,7
45,Truck,8,1,159.6,17,0,2,28
83,Truck,4,0,89.37,11,2,0,26
69,Bike,8,0,96.28,21,2,2,39
32,Van,2,1,197.34,15,0,2,18
44,Truck,8,0,87.94,22,1,2,20
65,EV,2,0,122.79,5,6,0,40
87,Truck,4,0,15.64,23,2,1,22
8,Car,8,1,169.23,23,5,1,48
77,Van,7,1,131.39,20,1,2,10
72,Bike,7,1,83.78,23,4,2,30
87,Car,7,0,8.15,9,3,1,44
43,Car,8,0,120.38,14,6,1,47
1,Van,8,1,7.47,8,6,0,11
51,Bike,8,0,5.23,23,0,2,33
24,EV,2,1,125.14,1,3,0,6
99,Bike,4,1,41.86,17,4,1,30
24,Truck,7,0,42.42,11,2,1,23
17,Car,2,1,132.39,2,6,1,43
5,Truck,7,0,15.47,6,5,1,28
20,EV,2,1,66.11,8,1,0,9
21,Truck,8,0,34.14,7,6,1,25
58,Bike,7,0,118.13,5,6,2,37
31,Truck,8,1,134.04,0,1,1,29
11,EV,7,1,145.62,13,4,2,4
52,EV,5,0,54.77,15,0,1,49
15,EV,2,0,22.4,15,6,0,47
83,Bike,5,0,20.34,3,6,2,32
7,EV,2,0,88.1,5,3,0,41
28,Car,4,0,189.44,14,5,1,45
51,EV,7,0,47.46,21,2,0,44
58,Truck,4,0,55.06,7,0,1,27
5,Truck,4,0,24.67,0,5,0,20
5,Truck,2,0,123.09,12,5,0,29
94,Bike,5,0,137.58,17,4,2,32
96,Truck,8,0,130.37,17,4,1,26
8,Bike,2,1,172.92,12,1,0,39
64,Bike,8,0,99.85,21,2,1,33
10,EV,4,1,31.22,13,0,2,5
38,Car,8,1,61.43,10,1,0,47
96,EV,5,1,134.17,6,6,1,1
92,EV,2,1,124.56,17,2,0,1
81,Bike,5,1,108.55,20,3,0,36
95,Bike,5,0,138.18,21,3,0,38
8,Truck,2,0,129.29,3,1,0,23
25,Truck,5,1,176.86,16,0,2,27
73,EV,7,0,119.27,18,2,2,49
66,Van,7,1,156.83,13,3,1,16
79,Van,7,0,53.5,9,3,1,11
50,Truck,8,1,137.25,5,0,0,24
67,Van,5,0,180.93,17,1,0,18
49,Truck,2,0,80.22,3,4,0,28
36,Bike,2,0,156.93,10,6,2,32
68,EV,8,1,146.33,12,5,0,3
78,Car,2,1,16.61,7,6,1,41
41,EV,7,0,118.39,9,2,0,46
89,Truck,5,1,30.39,22,3,2,25
62,Truck,2,0,193.63,10,5,0,24
10,EV,2,0,163.22,2,5,2,46
21,Truck,4,0,26.4,14,4,2,23
36,Van,4,0,28.74,7,5,2,14
12,Van,4,0,120.92,19,0,2,18
91,Truck,5,0,72.25,17,1,1,28
2,Truck,7,1,11.81,20,2,2,23
13,Van,7,1,110.62,0,0,1,15
53,Truck,7,0,80.63,23,1,1,21
32,Truck,5,0,24.71,7,0,0,22
95,EV,5,0,161.37,2,3,0,48
16,Car,4,0,183.44,0,3,2,45
32,Van,2,0,152.54,19,4,0,17
32,EV,8,0,165.37,15,0,2,44
98,Car,8,1,47.22,8,6,0,41
11,Truck,2,1,56.4,16,5,2,26
10,Truck,4,0,45.66,15,3,0,25
15,EV,2,0,154.19,22,1,0,41
17,Truck,2,0,189.84,5,4,1,25
40,Bike,8,1,144.78,22,5,0,37
18,EV,4,0,176.89,6,2,0,40
55,Car,5,0,129.55,23,0,2,43
73,EV,8,1,80.59,15,6,1,1
25,Van,5,0,88.02,7,3,2,11
59,EV,4,0,19.69,9,6,0,40
78,Truck,2,0,11.13,13,5,2,25
89,Truck,7,0,140.62,10,1,1,25
22,Bike,7,0,90.49,1,0,2,30
30,Bike,4,0,112.68,11,6,0,33
84,Bike,7,0,113.74,19,1,2,33
85,Car,5,0,59.09,19,4,0,47
44,Bike,7,1,97.8,12,3,1,35
32,Car,4,0,96.8,14,3,1,41
51,Bike,4,0,80.74,11,4,2,34
46,Car,5,1,165.03,12,1,1,43
21,EV,7,1,92.98,7,6,2,4
99,EV,7,1,122.71,15,0,0,8
32,Truck,2,0,179.63,2,1,2,24
94,Car,8,0,173.92,12,0,0,42
39,Van,4,1,178.63,11,5,1,19
12,Truck,2,1,57.65,18,4,0,23
47,EV,4,0,11.82,1,2,0,40
18,Car,2,1,55.91,0,0,0,45
21,Bike,8,0,59.35,7,3,0,39
13,Van,2,1,182.33,8,5,0,13
21,EV,4,1,131.6,7,3,2,6
8,Truck,7,1,20.93,20,5,0,21
46,Car,4,1,31.4,16,3,0,44
7,Van,5,1,35.36,8,1,0,18
23,Car,5,0,127.93,5,6,0,47
96,Bike,5,0,148.41,14,1,0,32
75,Truck,5,0,172.63,22,1,0,20
86,Car,8,0,188.42,23,6,1,49
22,EV,7,1,44.33,12,5,2,3
89,Truck,7,0,65.41,20,5,0,27
22,EV,4,0,51.86,21,6,2,42
92,Car,2,0,74.96,11,3,1,44
29,Truck,4,1,183.36,12,0,1,21
13,EV,4,0,117.15,6,5,0,40
82,Bike,4,0,148.95,22,3,2,39
2,Bike,4,0,100.57,17,0,0,34
29,Car,7,1,10.63,13,6,1,44
85,Truck,2,0,17.52,10,1,1,25
79,Van,4,1,109.89,13,5,2,11
52,Truck,7,0,145.16,16,2,0,28
27,Bike,4,0,46.99,23,1,2,31
50,EV,5,1,145.77,20,4,2,2
95,Van,4,0,163.08,1,0,1,14
79,Car,4,0,85.32,18,2,2,48
23,Van,8,0,150.55,15,1,1,13
88,Car,5,0,83.79,21,5,0,45
44,Van,2,0,137.28,9,2,2,11
77,Car,4,0,153.98,21,3,2,43
22,Car,2,0,198.43,7,0,0,48
43,Van,5,0,72.35,20,4,2,11
37,Van,4,1,85.15,4,3,0,10
61,Car,8,1,37.3,6,2,1,43
97,Bike,7,0,44.79,12,1,1,33
56,Van,8,0,140.21,15,0,2,10
3,Truck,8,0,183.82,4,5,1,23
63,EV,7,0,81.95,15,4,1,42
19,Car,7,0,40.07,14,1,0,41
23,Car,7,0,60.59,8,4,1,49
29,EV,4,0,93.74,21,5,1,43
30,Bike,2,0,61.68,22,6,1,37
39,EV,2,0,50.55,11,0,0,46
25,Van,7,1,148.52,7,2,2,18
8,EV,8,0,6.53,12,4,0,47
58,Car,5,1,110.15,4,0,2,40
16,EV,7,1,159.78,13,4,2,2
72,Truck,8,0,56.91,15,1,1,21
1,Van,8,0,122.64,10,4,1,17
5,EV,4,0,135.44,19,6,0,43
3,Car,4,0,132.73,11,1,0,48
65,Van,2,0,91.94,14,1,0,11
4,Car,2,1,72.58,23,0,1,43
99,Bike,5,0,168.01,11,3,2,30
96,Truck,5,0,152.9,8,5,0,22
64,Bike,5,1,67.64,0,4,2,35
98,Truck,5,1,25.09,2,2,1,28
89,EV,8,0,19.0,11,1,1,40
10,Van,8,1,23.38,19,3,1,14
21,EV,2,0,118.66,12,1,1,41
46,Truck,4,0,15.07,22,3,2,26
91,Truck,4,0,70.7,5,3,2,23
27,Truck,7,0,151.87,9,2,0,24
66,Car,8,1,62.4,9,3,2,47
41,Van,5,0,153.85,15,2,2,11
13,EV,5,0,150.37,0,0,2,42
9,EV,7,0,52.94,15,1,0,44
36,Bike,4,0,147.12,3,2,2,39
86,Truck,5,0,150.82,5,5,2,23
90,Truck,4,0,82.5,18,6,2,24
58,Truck,7,1,46.03,1,1,1,22
54,EV,4,0,106.65,17,6,2,48
12,Bike,4,0,184.67,9,5,0,37
81,Car,4,0,129.73,3,4,0,45
78,Van,5,0,38.72,0,5,0,10
14,Car,2,0,138.14,14,0,0,43
34,EV,8,1,88.3,9,4,1,7
53,Truck,4,1,120.35,17,4,0,29
20,Van,4,0,148.14,15,3,1,14
75,EV,4,0,105.41,12,5,1,43
16,EV,2,1,163.73,14,3,1,9
95,EV,7,0,145.82,1,5,0,47
70,Van,5,0,124.94,19,4,0,12
56,Van,2,0,34.4,3,3,1,15
83,Bike,4,1,168.01,0,6,1,33
58,Bike,2,0,187.5,6,1,0,36
4,Car,2,1,31.71,22,5,2,40
4,Van,2,1,100.21,10,5,2,10
20,Van,7,0,55.48,9,3,2,15
10,Van,8,1,152.13,0,5,0,19
24,Bike,5,1,145.72,10,4,0,36
99,EV,7,0,32.47,23,3,1,48
26,Truck,7,0,176.02,9,3,0,26
37,Bike,8,0,40.29,13,2,0,38
85,Van,7,0,160.47,13,6,0,19
54,Bike,2,0,94.11,6,6,1,38
21,Car,2,0,69.01,22,2,1,47
74,Van,4,0,35.86,10,4,2,16
38,Car,7,1,37.68,21,1,2,42
46,Van,4,0,134.07,3,5,0,12
4,Bike,5,0,112.33,23,0,0,34
60,EV,2,0,28.81,1,5,1,46
57,Truck,5,0,26.98,6,0,2,29
45,Car,8,0,19.1,18,6,2,46
20,Bike,2,0,150.03,13,4,2,30
17,EV,5,0,143.82,18,1,0,47
71,Bike,8,1,16.39,6,1,0,30
4,Car,5,1,114.25,11,1,0,43
93,Truck,8,0,21.51,2,2,1,21
14,Bike,8,1,181.23,14,4,2,34
3,Van,2,1,181.89,4,0,1,15
88,EV,4,0,141.16,7,1,2,43
80,Bike,8,1,185.61,13,4,0,33
58,EV,8,1,163.23,3,5,1,7
55,Van,2,0,166.57,6,0,1,13
4,Truck,4,0,116.09,6,6,0,21
24,Truck,7,0,64.68,17,2,2,23
34,Van,7,0,47.47,13,3,2,16
