distance_km,avg_speed,traffic_level,battery_level,fuel_level,historical_eta_minutes
67.49,44.95,Low,94.64,86.82,94.04
37.01,46.73,Medium,24.76,99.4,62.82
53.82,82.1,Medium,54.55,93.88,49.3
102.15,35.01,Medium,32.23,20.78,184.42
5.54,59.1,Medium,71.33,71.56,16.24
18.98,85.64,Low,37.92,79.42,6.91
82.14,114.56,High,84.71,12.96,54.68
99.97,69.62,Medium,34.81,44.33,101.24
20.72,103.25,Medium,23.69,11.58,21.77
71.14,117.11,Medium,10.42,16.59,44.21
107.5,43.29,Low,23.25,51.38,154.14
29.06,87.6,Low,16.81,12.88,25.25
26.31,34.0,Low,34.62,52.04,35.34
17.46,51.29,Low,44.5,38.56,22.16
30.27,97.43,High,54.95,15.19,31.73
117.54,112.61,Low,46.55,49.46,64.31
98.34,25.72,Low,37.96,49.5,238.71
24.77,96.49,High,98.8,88.96,32.83
98.87,101.9,High,99.94,64.33,85.62
36.52,99.26,High,44.14,35.64,39.27
54.65,69.18,Low,41.92,70.5,46.1
113.1,104.08,Medium,40.52,69.49,79.4
99.03,99.78,High,62.47,36.63,83.23
43.65,89.88,Low,92.66,79.49,34.48
25.17,21.02,Medium,31.09,43.68,78.48
47.88,74.0,Low,88.81,0.5,32.46
5.65,46.27,Low,22.19,20.12,11.84
34.03,49.8,Low,36.21,27.17,28.38
96.5,25.94,Low,53.89,82.77,222.09
6.75,29.54,High,96.3,52.34,32.83
73.87,97.87,Medium,27.92,44.96,51.3
74.44,92.93,Low,51.68,72.93,55.77
17.09,28.71,Low,14.0,33.4,40.12
48.92,54.99,Low,24.64,6.9,62.35
9.19,56.58,Medium,73.43,25.11,17.68
107.4,80.41,Low,56.07,60.06,74.57
117.81,27.48,Low,50.28,63.39,251.75
11.89,76.27,High,44.68,62.37,28.88
107.41,91.39,Medium,80.07,46.1,79.4
71.34,52.09,Low,53.56,36.82,82.7
90.39,88.33,Low,27.07,99.65,54.13
77.47,40.37,Low,43.26,12.01,109.94
71.91,30.44,Medium,91.55,61.83,155.61
7.35,67.58,High,52.8,99.34,29.95
29.15,38.58,Medium,35.03,86.13,56.03
67.64,21.44,Medium,33.1,74.06,200.11
93.45,92.55,Medium,42.29,52.62,79.02
33.83,85.8,Low,83.34,99.34,18.0
37.88,65.78,Medium,25.09,46.43,48.7
103.03,73.79,Medium,61.97,53.91,93.47
117.13,23.64,Low,62.33,35.94,295.78
106.76,64.92,Low,44.44,8.89,102.02
46.34,50.73,Low,66.17,56.28,64.44
73.87,73.97,Low,64.66,38.4,65.98
45.8,56.48,High,94.55,38.26,62.06
44.12,54.24,Low,67.49,9.0,46.08
25.48,83.63,High,93.32,57.58,44.41
32.33,103.52,Medium,25.84,14.18,32.81
10.16,36.18,Low,94.76,8.88,22.55
63.12,51.07,Low,49.96,41.14,76.21
48.27,90.08,Low,42.9,99.41,36.77
73.17,110.06,Low,74.26,66.09,41.9
77.44,33.54,Low,79.39,22.96,142.55
21.4,117.61,High,15.85,82.11,40.09
112.39,112.01,Low,11.72,6.2,59.75
113.83,45.38,Medium,38.81,16.19,160.15
74.26,80.27,Low,92.92,43.04,62.81
49.59,91.42,Low,30.81,48.73,34.73
46.77,27.9,Medium,45.28,91.67,112.9
28.5,44.61,Medium,78.2,96.5,49.74
36.83,101.57,High,88.17,67.72,44.74
33.35,103.13,Medium,54.68,29.8,31.79
24.96,57.06,Low,95.99,52.24,29.38
116.16,85.06,Low,16.26,9.24,76.27
115.06,82.37,High,72.08,65.21,109.36
73.77,97.15,Low,34.93,95.51,48.91
89.1,70.66,Low,57.13,31.67,80.22
44.14,48.72,Medium,23.29,48.43,62.46
15.59,33.7,Low,11.0,87.01,21.92
58.3,49.74,Medium,93.61,68.97,76.96
63.5,32.25,Low,80.16,17.61,118.16
15.17,45.51,Medium,13.14,89.89,33.81
65.72,71.44,Low,94.37,54.4,56.65
119.1,69.73,High,13.01,3.66,123.46
50.43,28.77,Medium,90.29,18.93,116.95
43.59,86.12,Low,53.01,0.46,27.34
97.63,51.35,Medium,99.31,42.81,122.23
91.75,111.05,Low,48.13,44.97,52.6
41.0,113.47,High,17.21,17.88,40.65
77.91,65.29,Medium,24.76,56.42,78.03
67.15,57.9,Low,25.16,29.21,72.99
39.13,79.92,Low,82.84,9.67,32.18
17.74,95.2,Low,49.54,56.04,7.67
40.95,110.94,Medium,12.41,28.56,43.66
57.55,82.09,Medium,44.72,75.19,48.09
80.78,50.39,High,24.05,30.07,116.17
34.24,102.55,Low,30.14,43.32,11.44
78.73,28.37,Low,31.22,12.02,158.44
28.01,51.48,High,34.76,55.59,49.43
80.63,94.83,Low,39.65,66.03,54.32
94.5,118.38,Low,47.13,78.08,52.23
94.65,46.4,Low,86.04,6.31,122.8
75.19,93.77,Low,29.8,43.86,47.32
40.54,41.14,High,89.2,32.97,72.39
85.24,76.02,Low,69.87,23.04,63.27
103.86,78.88,Medium,26.52,31.56,87.6
76.91,30.05,Low,61.14,38.55,158.35
117.98,46.65,Low,61.61,33.28,144.26
117.3,96.12,Low,19.55,87.46,68.77
24.17,28.58,High,27.92,73.15,70.74
7.67,66.59,Medium,12.11,99.5,17.49
23.49,72.65,Low,58.37,84.02,32.98
111.2,26.45,Medium,35.29,65.28,262.56
114.66,83.52,Low,45.87,61.64,80.44
29.26,77.66,Low,64.1,81.05,20.6
46.46,29.69,Low,97.8,12.42,102.95
68.18,71.83,High,45.89,5.9,77.66
36.26,119.76,High,39.05,34.39,36.44
57.97,30.85,Medium,39.04,48.8,121.4
85.06,64.08,Medium,29.33,26.39,85.67
62.54,59.23,Low,49.28,19.01,65.9
87.35,79.43,High,86.45,95.83,86.53
65.48,106.93,High,21.69,91.94,59.71
5.16,32.69,Medium,21.78,37.48,11.65
50.39,84.57,Medium,43.68,15.07,60.59
61.6,110.66,Medium,73.09,26.52,45.94
51.33,47.01,Medium,35.36,59.54,83.66
45.74,104.21,High,84.68,72.65,47.76
62.57,103.66,Medium,93.76,25.72,47.87
56.2,106.21,Medium,77.07,70.58,32.03
15.4,85.85,Low,29.47,68.24,11.36
36.46,65.67,Medium,47.5,81.09,54.4
113.5,42.28,High,63.11,28.73,180.84
8.05,85.9,High,71.67,32.93,28.12
9.6,35.13,Low,53.49,14.64,21.18
37.56,63.08,Low,98.59,9.41,29.85
71.97,23.3,Low,90.21,80.13,186.06
118.95,58.68,Medium,43.87,78.08,133.14
119.15,95.9,Medium,99.39,2.18,81.12
119.21,44.42,Low,15.92,3.21,158.23
17.66,101.97,Low,96.07,89.14,20.08
81.42,107.89,Low,37.31,71.1,44.12
65.26,38.86,Low,25.2,28.83,109.92
24.91,49.67,High,18.02,26.47,46.34
113.44,94.75,Medium,58.69,58.77,81.77
32.81,21.52,Low,89.9,26.27,93.27
119.88,107.09,High,31.43,66.37,95.23
72.01,62.31,Medium,21.44,8.11,80.53
26.08,52.2,Low,51.76,68.32,24.04
49.49,97.93,Medium,75.53,53.51,39.12
26.81,22.17,Low,32.22,9.94,77.54
52.24,24.89,High,68.81,32.41,147.4
73.39,37.75,Medium,38.78,5.06,126.33
87.41,114.52,High,45.8,58.85,52.73
60.99,27.02,Medium,24.77,81.13,144.03
40.6,75.86,Medium,38.67,4.14,44.31
71.41,62.76,Medium,26.2,74.45,79.43
55.8,88.51,Medium,66.25,17.48,55.41
46.36,90.46,Low,51.07,91.95,32.32
41.95,87.76,Low,46.01,33.17,27.55
28.94,99.41,Low,21.54,40.72,12.03
56.89,42.85,Low,85.04,54.36,83.71
61.56,93.26,High,61.28,54.34,55.34
108.39,58.06,Low,72.14,34.84,104.63
88.88,20.07,Low,28.72,38.4,260.14
93.56,71.94,Medium,34.75,21.6,86.49
48.18,76.36,Medium,35.88,89.02,37.41
44.53,42.94,Low,34.8,13.89,60.13
80.33,44.39,High,20.97,86.95,122.3
86.77,21.8,High,91.51,49.26,260.68
18.06,80.15,Low,41.21,71.79,11.91
20.3,44.24,High,86.12,63.8,49.89
57.44,114.0,Low,51.06,73.58,25.21
23.37,79.13,Low,52.48,7.76,17.45
115.59,100.28,Medium,65.66,62.72,79.48
101.33,110.19,High,79.45,53.98,84.3
64.82,28.0,Medium,67.27,7.08,153.7
30.1,42.92,Medium,57.17,36.67,51.64
20.52,80.18,High,32.28,23.7,35.91
117.59,86.72,Medium,95.68,39.84,93.07
86.31,69.81,Low,94.99,90.73,75.01
103.9,47.34,Medium,90.11,55.52,139.35
49.52,83.12,Medium,99.72,31.79,46.75
33.85,112.11,High,89.68,94.36,36.86
39.44,73.04,Low,20.68,8.34,30.65
103.54,49.61,Low,73.03,29.52,116.75
59.39,100.38,Low,49.4,54.41,35.71
81.28,109.35,High,15.21,35.44,62.82
97.66,26.46,Medium,93.41,77.21,226.16
34.09,111.0,Low,12.7,74.4,22.5
14.15,53.82,Medium,63.81,71.36,26.52
89.27,102.25,Low,50.7,8.29,49.58
115.56,119.46,Medium,29.01,76.84,76.75
114.69,119.34,High,23.4,7.42,83.05
61.41,118.92,Medium,25.85,30.25,41.19
77.7,117.51,High,75.82,63.0,53.84
89.29,21.79,Medium,53.38,87.21,261.79
108.78,64.19,High,81.87,77.21,120.39
23.66,77.65,Low,56.62,12.22,15.0
51.68,71.65,Medium,24.67,66.42,47.85
52.97,58.6,Low,71.27,9.51,55.77
84.99,43.69,High,78.36,4.12,131.3
53.86,43.72,High,34.45,79.33,86.88
103.68,60.96,Medium,85.86,24.8,120.3
102.4,51.21,Medium,86.36,12.24,130.49
13.07,97.74,Low,43.41,84.89,5.78
39.7,84.72,Medium,86.94,8.02,41.78
117.66,79.5,Low,30.18,81.24,87.75
9.1,76.11,Low,28.56,22.45,6.74
61.63,93.56,Low,64.99,87.72,42.74
114.52,74.51,Low,87.02,1.64,86.92
98.22,73.84,Low,78.26,56.01,83.07
38.85,29.07,Low,12.56,98.76,83.38
73.57,105.13,High,39.35,75.38,59.9
54.59,93.95,Medium,68.48,6.07,34.5
73.13,49.43,Medium,88.12,68.51,99.0
107.78,39.16,Low,33.5,20.42,162.21
68.71,21.77,Medium,62.7,44.21,199.23
61.68,43.42,Low,97.99,0.1,86.74
41.72,104.54,Low,90.4,74.47,17.15
35.29,60.67,Low,38.73,66.8,41.6
67.36,116.23,Low,12.16,11.43,35.87
14.46,41.53,Medium,62.4,47.72,30.6
78.1,107.93,Low,95.48,7.78,45.26
96.59,94.45,High,46.62,28.86,72.91
114.8,83.12,High,46.18,42.73,98.62
83.73,77.93,Medium,88.2,70.78,77.07
61.15,50.26,Low,35.53,88.43,74.07
60.82,43.79,Medium,80.15,17.05,97.92
116.17,39.96,Medium,77.44,10.28,182.68
29.31,21.73,Low,47.08,12.86,83.61
52.34,61.72,High,16.51,10.55,70.29
118.81,24.34,Low,82.85,35.28,296.65
8.27,71.58,Low,32.47,32.06,1.63
85.65,87.68,Medium,12.21,90.75,73.17
7.89,48.68,Low,71.96,91.19,10.65
41.9,51.12,Low,91.28,23.6,45.22
13.46,84.76,Low,18.02,75.67,14.56
12.0,97.63,Low,36.46,68.05,10.5
17.81,119.59,Medium,91.95,58.48,19.24
24.47,87.26,High,69.03,79.7,29.02
77.18,47.27,High,15.07,30.32,117.58
55.42,30.8,Low,83.74,39.98,114.13
100.55,65.53,Low,85.3,49.1,87.79
32.58,81.45,Medium,87.62,49.16,26.67
26.86,86.42,Low,33.79,20.44,10.91
86.87,92.15,Low,41.48,64.35,58.63
103.7,93.51,High,39.22,16.74,94.44
69.29,113.33,Low,63.01,46.85,30.36
86.01,38.34,Medium,78.64,9.55,144.05
74.59,52.26,High,43.52,52.7,103.31
69.31,20.42,Low,91.9,41.55,205.93
103.95,78.9,Low,74.87,81.12,73.87
110.77,85.4,Low,23.21,24.67,82.23
102.7,20.47,Low,73.5,73.12,300.67
34.26,54.36,Low,78.68,53.73,37.98
105.92,80.27,Low,11.31,69.06,80.76
55.04,87.23,Medium,65.96,24.39,51.08
88.89,105.36,Low,48.17,8.96,41.11
52.45,91.25,Low,57.76,60.37,31.17
26.95,100.63,Medium,82.69,6.09,22.78
86.19,81.56,Low,43.77,63.75,71.89
32.67,36.05,Low,45.02,46.01,54.41
102.9,83.75,Low,87.95,49.01,79.05
99.77,59.56,High,18.07,49.07,118.21
65.4,84.39,Low,53.36,61.28,47.68
49.43,108.96,Low,88.93,96.07,34.3
72.95,59.31,Low,80.78,12.77,72.61
20.82,72.38,Low,34.73,85.68,21.16
97.95,24.19,Low,49.58,51.72,242.06
116.07,81.88,Low,10.96,85.62,88.55
94.68,89.36,Medium,97.98,47.79,84.97
32.52,80.55,Medium,37.97,0.91,36.65
104.73,114.35,Low,28.31,99.85,52.91
97.93,82.04,Medium,25.35,60.22,78.53
12.32,52.08,Low,98.93,25.77,12.99
31.59,77.68,Low,11.02,0.85,24.74
72.81,46.15,Medium,74.56,55.3,97.24
20.81,56.01,Medium,68.6,65.74,37.55
83.02,67.75,Low,42.76,63.94,79.11
119.1,42.07,High,51.63,48.41,191.51
37.86,56.85,Low,56.37,93.8,41.07
92.5,76.53,Low,88.77,88.45,75.29
10.35,114.09,Medium,65.79,73.15,20.71
43.24,59.22,Low,97.7,2.22,48.2
113.62,88.27,Low,58.47,1.82,73.55
78.2,81.17,Medium,60.06,63.36,63.95
74.21,28.27,Low,25.99,57.44,158.41
111.74,80.84,High,25.34,99.43,101.04
25.89,97.3,Medium,72.28,83.41,31.51
7.05,28.61,Medium,47.38,33.95,24.3
26.86,71.7,Low,68.93,74.55,20.73
65.02,68.9,Low,35.35,40.22,60.72
62.02,85.14,High,19.53,8.78,57.34
97.06,77.33,Low,15.41,43.97,60.74
103.84,37.22,Low,75.18,63.9,169.13
29.49,43.31,Medium,41.46,88.79,53.23
55.29,49.04,Low,39.74,71.72,69.27
53.49,86.79,Low,84.32,71.64,37.22
11.29,97.25,Low,71.36,22.04,6.19
6.14,97.88,Low,13.0,16.32,0.0
95.82,83.1,Low,87.13,15.82,74.8
36.66,36.84,Low,36.01,45.6,57.42
87.54,73.46,Medium,73.26,14.99,80.31
53.46,67.34,Medium,30.36,56.97,61.41
21.48,119.33,High,51.93,96.64,32.37
27.14,48.07,Low,69.96,77.48,34.07
41.09,53.79,High,81.89,52.31,68.8
97.59,29.45,Low,88.82,45.91,206.54
6.45,114.7,Low,87.73,11.67,7.19
10.65,105.76,Low,81.82,87.69,2.49
70.09,106.64,Low,59.15,12.65,38.48
83.98,63.51,High,98.66,27.31,96.91
88.58,119.65,Medium,67.06,44.76,52.59
60.16,59.46,Medium,21.86,88.89,88.53
47.28,119.29,Low,78.73,59.83,31.98
101.6,81.43,Low,18.25,40.01,72.45
57.23,91.72,Low,62.08,96.91,40.92
41.96,46.42,Low,99.7,58.71,53.22
15.66,47.19,Low,14.94,53.11,18.56
11.95,66.63,Medium,67.63,58.1,21.76
15.46,116.78,High,96.01,90.07,26.13
83.51,67.51,Medium,62.24,97.76,75.14
83.28,111.53,Low,10.31,95.22,35.56
32.97,107.42,Low,93.83,82.57,24.41
78.65,42.89,Low,82.7,7.5,109.29
12.95,100.82,Medium,23.59,49.65,22.71
105.39,22.55,Medium,45.17,17.33,291.52
17.6,107.43,High,70.22,98.95,27.45
24.44,117.54,Medium,35.71,52.06,15.42
58.75,29.06,High,58.22,56.1,144.14
94.23,113.2,High,61.47,89.42,67.02
103.26,26.85,Low,23.48,21.28,234.72
29.19,59.79,Medium,15.95,96.04,42.11
13.81,38.22,Medium,40.54,67.55,30.58
95.73,25.14,Low,63.1,7.95,225.21
67.96,101.5,High,91.64,16.58,55.26
95.42,87.84,Low,51.36,27.19,59.91
110.81,38.54,Medium,15.73,22.27,178.56
60.31,37.2,Medium,45.24,97.3,110.68
57.85,40.35,High,42.93,22.33,110.08
73.88,49.43,Low,73.65,44.49,87.48
73.92,28.66,Low,62.68,39.62,152.76
63.0,28.64,Low,29.61,19.81,131.74
40.29,105.87,Medium,15.41,21.54,42.41
67.26,84.6,Medium,56.56,36.11,60.41
111.37,63.07,Low,29.17,31.4,104.98
116.61,64.78,Low,58.59,90.65,108.74
50.52,28.82,Low,13.08,99.77,99.46
96.86,32.83,Low,30.65,7.87,168.1
78.04,78.44,High,54.31,12.07,91.4
31.45,59.59,High,77.34,39.98,48.32
10.89,107.13,Medium,78.3,11.94,20.81
8.27,86.08,Medium,31.57,41.99,13.67
19.13,100.84,Medium,40.5,64.25,12.4
30.32,51.47,Medium,50.67,25.04,37.59
100.34,24.05,Low,16.52,89.56,247.49
37.83,21.09,Medium,45.71,2.44,115.97
94.82,44.01,Medium,93.49,57.45,126.46
63.04,105.54,High,25.59,21.59,56.08
20.92,74.73,Low,31.41,16.06,24.67
94.47,58.29,High,75.5,74.06,112.26
110.95,32.26,Low,38.04,49.64,205.15
113.45,36.04,Medium,63.51,41.89,197.15
86.01,87.99,High,26.41,63.94,80.42
84.8,29.26,Low,88.88,69.92,170.9
67.85,116.89,Medium,57.09,9.57,40.89
47.46,21.14,High,72.35,50.71,150.32
117.98,110.59,Medium,26.79,42.01,68.23
12.55,79.41,High,74.96,10.59,31.35
108.23,100.73,Low,23.47,92.76,60.2
35.35,91.33,Low,48.16,80.37,18.64
71.06,92.22,Low,54.29,50.69,40.99
63.98,116.27,High,89.29,87.22,51.39
68.76,38.89,Low,97.76,78.16,105.93
79.42,101.81,Medium,11.16,42.87,49.52
26.33,96.6,Low,32.25,35.73,21.61
36.28,109.33,High,66.67,26.1,41.7
22.07,90.92,Medium,48.63,71.72,22.09
8.48,25.8,Low,41.29,99.84,25.26
113.01,52.47,Low,38.44,39.14,137.47
44.88,109.74,High,64.32,90.41,40.36
17.6,86.98,Medium,96.94,22.88,27.9
48.51,81.97,Medium,98.34,94.09,42.63
49.17,91.52,Low,78.73,30.95,28.1
81.52,106.75,Low,82.77,55.66,42.09
33.12,45.5,High,39.58,0.46,75.2
81.07,34.26,High,20.55,87.21,161.37
16.33,98.26,Low,28.89,28.55,9.33
71.8,56.23,Low,86.7,64.52,73.2
17.29,108.1,Low,42.93,12.39,7.71
68.05,111.82,Low,24.41,68.36,32.45
64.77,110.81,Low,75.08,69.07,25.7
39.07,111.7,High,95.75,25.53,42.8
57.41,26.72,Low,96.16,94.97,117.67
9.45,51.39,Medium,77.64,59.08,23.6
73.89,34.76,Medium,72.64,99.07,136.55
5.06,110.65,Medium,42.84,25.56,4.31
62.71,77.72,Medium,32.94,10.7,57.98
62.7,32.36,High,17.1,78.13,134.44
11.98,23.21,High,70.59,54.13,42.77
114.23,28.4,Medium,42.32,22.58,250.25
75.0,83.21,Low,67.91,95.35,60.91
82.28,89.51,High,25.88,88.01,68.27
58.22,55.82,High,77.95,46.11,87.4
85.99,85.49,Medium,32.04,12.63,82.68
25.82,37.43,Medium,30.55,25.56,52.83
79.47,83.04,Low,16.25,48.14,56.43
70.33,96.76,High,37.17,93.26,59.02
114.73,89.02,Medium,95.56,7.29,84.65
96.62,100.13,Low,94.14,0.57,66.42
72.31,37.19,Low,43.5,45.69,116.98
57.37,70.37,Medium,52.31,19.99,52.41
89.92,114.9,Low,94.48,89.79,47.97
98.41,114.4,Medium,14.16,71.55,60.21
111.64,33.27,Medium,89.83,43.83,208.72
100.03,96.65,Medium,66.0,55.45,76.84
8.45,52.44,Medium,38.02,88.83,11.45
93.87,89.28,Medium,80.83,82.38,75.3
65.0,52.27,Low,56.88,28.69,70.97
106.82,35.09,High,15.97,52.05,207.54
57.73,82.8,Low,76.78,5.44,44.98
67.18,113.12,Low,30.37,25.02,42.0
109.39,52.64,Medium,16.53,20.06,144.39
68.98,100.63,Low,64.38,64.82,37.92
26.52,30.66,Medium,16.58,60.61,58.7
83.33,92.65,High,65.09,71.03,68.59
6.59,70.13,Medium,91.48,14.2,14.08
48.71,116.14,Low,66.57,27.48,24.1
98.0,86.34,Low,78.9,66.71,66.08
71.25,91.7,High,21.76,59.18,60.99
22.46,108.51,High,23.9,6.78,22.31
42.93,106.95,Medium,14.05,81.42,40.59
114.45,31.55,Medium,61.95,4.63,219.76
8.49,66.73,Medium,72.19,87.74,16.21
94.49,73.52,Low,98.63,33.39,88.68
25.86,34.49,Medium,10.59,99.03,59.98
29.57,101.77,Low,17.77,17.15,22.75
80.05,86.75,Medium,22.59,0.17,60.35
21.57,89.37,Medium,39.21,68.29,19.71
48.82,73.78,Low,21.49,49.15,39.76
51.66,72.43,Low,50.47,88.09,50.23
80.78,103.54,Low,13.16,38.72,41.11
63.86,38.15,Low,66.64,73.45,98.43
60.5,53.9,Low,86.21,99.77,57.8
65.26,54.4,High,46.65,8.74,92.14
97.72,21.96,Medium,70.18,87.39,279.95
97.5,91.85,Medium,63.32,98.91,77.49
21.99,39.01,Medium,62.87,30.72,43.37
119.25,73.82,Low,28.04,62.08,94.61
12.79,96.45,Medium,82.8,75.94,15.65
119.52,106.8,Medium,63.93,14.87,84.02
19.2,37.08,Low,72.0,61.49,31.75
12.12,110.98,Low,51.82,19.43,9.39
85.96,89.82,Low,17.04,21.0,58.31
115.51,54.96,Low,32.43,30.9,128.63
86.9,94.79,Medium,48.82,58.34,62.91
81.25,55.15,Medium,29.46,31.0,105.26
20.37,75.23,Medium,14.65,52.68,39.07
25.74,50.56,High,94.0,52.72,54.55
23.02,51.51,Low,14.61,92.96,33.33
15.4,110.35,Low,67.6,8.94,2.61
116.76,28.3,Medium,67.56,12.19,254.45
63.63,115.48,Low,25.07,77.06,26.01
56.85,59.87,Low,47.62,23.02,46.35
42.92,65.13,High,37.15,87.79,60.55
61.75,102.62,High,13.85,49.05,50.42
21.51,43.96,Low,27.63,1.05,24.84
22.36,119.83,Low,19.31,31.23,9.7
98.76,24.73,Low,50.5,33.77,231.84
29.3,59.74,High,71.06,84.51,49.07
14.95,112.87,Low,22.04,21.63,13.22
49.53,80.86,Low,81.52,84.73,36.9
107.74,61.17,Low,37.53,28.81,103.62
54.29,71.64,High,39.86,91.68,57.13
93.12,115.52,Medium,43.0,68.0,55.14
119.46,107.51,Low,76.11,86.95,67.4
7.31,71.77,High,44.03,72.89,27.82
17.44,34.5,Low,52.83,59.07,28.46
84.9,29.48,Medium,33.94,59.39,178.34
107.43,20.94,Low,63.45,65.57,314.31
61.63,108.58,Low,13.91,66.68,35.01
13.08,46.29,High,91.27,10.21,44.2
15.17,62.03,Medium,82.16,7.68,22.1
17.21,79.85,Low,63.98,99.54,16.34
28.14,64.29,Low,35.71,91.75,19.4
105.9,38.81,High,39.68,4.81,183.09
113.47,60.73,Low,45.4,81.9,114.08
20.6,27.25,Low,90.26,54.43,57.63
103.75,30.05,Medium,46.82,19.67,227.62
92.07,44.34,Medium,78.25,54.45,139.95
83.91,113.51,Low,22.78,38.99,45.25
103.49,65.85,Low,47.85,73.8,88.92
31.55,114.35,Low,97.32,64.76,16.25
64.72,45.28,Medium,72.82,84.88,94.99
44.48,40.57,Medium,38.51,47.03,79.1
80.76,50.01,Low,30.3,31.56,106.41
37.52,55.29,Medium,78.52,20.5,58.32
62.78,80.22,Medium,59.35,87.99,56.95
39.88,67.82,Low,54.93,35.24,39.77
68.54,27.67,Low,19.45,98.24,151.88
23.53,76.89,Medium,10.46,17.79,27.0
70.38,60.01,Low,66.47,31.47,72.69
60.86,50.89,Low,89.7,85.83,76.48
19.66,112.84,Low,92.08,96.35,9.1
67.52,43.5,High,23.0,35.63,101.26
28.06,110.19,High,17.61,71.19,38.7
82.07,104.39,Low,60.29,56.65,44.65
69.18,82.8,Low,10.39,24.65,47.51
31.72,105.81,Low,42.14,40.33,15.33
64.29,66.16,Low,12.0,25.96,58.21
41.22,89.12,Medium,28.44,20.72,37.14
102.36,21.78,Low,68.2,55.45,289.38
56.45,96.62,Low,49.4,95.72,36.02
16.51,72.61,High,86.91,37.14,38.7
108.68,22.96,Low,73.06,87.41,289.83
103.45,50.16,High,53.09,80.33,146.53
37.93,113.73,Low,95.82,82.62,23.55
34.79,27.29,Low,45.14,31.26,75.57
12.63,112.99,Low,73.77,81.53,2.3
41.53,52.45,Low,17.45,23.96,43.42
10.96,112.41,High,24.39,85.96,31.8
113.58,42.46,Low,76.8,8.14,159.59
87.48,112.04,Low,13.26,71.0,41.38
68.67,31.16,Low,66.09,93.94,138.45
46.37,81.56,Medium,25.54,43.97,48.3
23.31,107.66,Low,20.61,26.3,6.56
54.79,100.48,Low,48.18,88.15,34.94
37.13,117.61,Low,77.63,43.77,17.0
115.52,82.25,Low,71.77,78.07,85.67
16.29,37.41,Low,62.07,64.73,19.52
51.8,63.82,Low,26.91,74.21,45.37
5.96,68.64,Medium,53.15,30.0,24.31
70.33,59.98,Low,30.34,51.99,69.02
71.31,44.01,Medium,93.53,54.89,109.03
20.77,107.81,Medium,40.31,11.22,18.33
82.31,73.39,Low,98.6,86.31,73.18
21.43,112.53,Low,23.0,7.72,14.08
63.56,37.62,Medium,90.98,99.09,111.16
47.41,93.56,Low,65.13,14.63,27.3
33.65,26.42,Low,29.9,24.64,75.62
20.67,111.83,High,70.27,20.76,31.21
18.72,50.77,High,13.6,27.73,44.15
11.02,53.47,Medium,40.31,39.81,30.8
55.01,24.16,Low,79.23,13.11,129.46
93.63,39.86,High,62.73,65.89,160.73
102.86,53.88,Low,28.56,95.63,113.43
76.45,105.64,High,98.39,58.2,59.24
48.69,107.83,Low,82.68,58.62,27.46
83.19,116.25,Low,54.12,56.1,38.18
41.08,35.39,Low,40.82,44.16,64.36
88.56,59.36,Low,47.89,30.01,83.95
110.17,24.84,High,95.14,38.33,289.21
15.91,111.39,High,35.97,13.86,36.53
81.47,50.8,Low,42.32,61.7,92.56
46.04,94.85,Low,45.5,22.33,26.88
92.66,87.96,High,23.1,72.06,83.03
113.68,36.01,High,47.95,35.13,205.95
30.73,104.31,Low,70.78,78.01,23.89
11.58,84.61,Medium,32.49,25.42,19.81
78.92,78.61,Medium,97.01,58.27,67.41
15.21,23.43,Low,51.75,19.29,47.65
81.81,43.26,Low,87.34,95.8,118.75
74.83,51.04,Low,24.23,62.59,92.27
7.25,94.21,Medium,74.26,72.62,10.66
50.29,106.39,Low,27.44,51.42,20.16
57.84,89.77,High,81.05,79.15,53.07
7.43,70.71,Low,67.67,77.27,9.82
47.97,115.35,Low,12.24,3.94,18.01
70.04,94.42,Medium,88.07,37.21,58.07
6.02,58.05,High,34.14,93.95,25.66
23.73,119.69,Low,85.28,78.88,8.58
108.29,78.15,Medium,54.4,48.16,88.47
45.87,75.68,Low,89.42,13.8,34.66
40.62,117.58,Medium,42.0,66.47,30.12
71.95,105.34,High,58.15,39.03,64.78
65.05,33.45,Medium,14.02,21.47,129.19
106.48,56.92,Medium,39.29,31.92,121.45
36.32,24.69,High,96.33,43.28,109.28
39.48,61.83,Low,31.31,74.92,36.69
40.46,33.39,High,20.67,52.73,85.42
16.62,39.49,Low,11.73,57.56,23.77
38.93,54.84,Low,79.3,98.71,41.33
88.82,39.0,Medium,13.16,95.54,139.16
44.32,22.9,Low,73.92,14.41,113.3
37.9,75.26,Low,22.05,59.29,28.13
114.98,113.44,Medium,71.85,64.89,75.8
119.94,110.13,Low,16.25,93.73,57.49
43.8,68.88,High,44.24,45.42,58.79
59.64,65.79,Low,27.77,62.79,56.57
100.41,49.34,Low,48.87,73.38,129.38
16.43,94.9,Low,37.25,76.78,4.8
63.43,68.4,Low,63.36,45.69,53.71
100.89,115.62,High,68.67,48.41,77.93
93.56,110.6,Medium,83.81,99.23,55.29
98.84,29.51,High,68.8,94.92,227.16
10.93,86.9,Low,68.79,11.92,9.41
83.35,100.17,Medium,32.68,97.8,61.47
115.78,83.4,Low,82.92,39.27,82.83
85.61,108.31,Low,95.25,9.7,37.67
52.13,81.56,Medium,31.58,21.66,52.69
28.81,24.43,High,52.95,80.18,92.11
114.94,94.59,Medium,20.39,47.33,75.93
51.69,109.29,High,87.1,52.11,56.69
87.44,52.52,Low,56.41,27.75,96.62
82.32,87.87,Low,53.28,40.95,61.06
101.85,108.59,High,50.05,35.83,71.61
113.19,109.12,Medium,63.83,17.72,73.95
59.03,75.33,Low,42.75,24.21,54.06
17.39,52.34,Low,25.32,71.71,11.42
70.17,40.18,Low,28.11,51.91,109.23
117.67,76.83,Low,84.36,98.21,94.24
54.9,65.14,Low,69.69,91.45,39.76
99.07,21.53,High,61.98,50.0,298.26
55.28,21.81,Low,48.76,15.56,153.88
98.21,119.86,Low,19.56,58.54,48.14
31.4,65.44,Medium,67.55,40.14,38.53
52.26,110.01,Medium,44.81,76.67,43.22
89.06,101.48,Medium,39.3,96.86,57.57
78.29,30.7,Low,70.34,99.96,146.59
93.45,112.2,Low,93.77,91.03,56.78
114.97,61.87,Low,68.18,59.68,112.33
48.24,76.19,Medium,80.21,31.0,50.94
108.01,49.8,Low,67.25,58.03,142.91
28.98,30.59,Low,92.48,87.35,63.21
12.27,77.2,Low,98.25,94.11,12.82
32.53,103.08,Medium,37.8,33.65,31.55
94.72,69.39,Low,61.72,32.56,76.74
48.25,88.25,Low,48.33,65.29,35.79
71.87,73.4,High,91.85,42.67,80.94
32.8,61.53,Low,71.27,72.72,29.56
55.43,45.29,Low,37.61,54.2,81.22
25.75,48.48,High,96.09,51.0,62.04
47.91,36.49,High,80.77,6.49,99.98
104.35,38.61,Low,20.41,96.85,164.7
103.44,42.66,Medium,22.64,75.02,161.85
113.11,23.52,High,24.8,96.42,313.4
51.66,46.75,Low,73.31,16.97,64.45
117.97,40.77,Low,48.75,2.5,178.85
60.5,85.12,High,86.64,17.6,67.36
105.87,29.58,High,26.96,9.24,234.16
52.02,104.1,High,25.74,75.09,43.24
41.77,79.16,High,61.08,64.24,46.29
78.88,29.09,Medium,37.65,6.74,166.67
86.58,70.64,Medium,13.38,37.13,83.74
90.37,89.61,Low,43.98,37.04,55.77
74.52,25.7,Low,79.23,58.62,169.02
103.72,60.44,Low,98.84,2.02,99.92
79.74,24.67,Low,46.06,84.94,199.81
36.11,106.39,Low,59.06,60.27,27.9
103.72,58.71,High,33.68,55.34,129.18
25.79,51.82,Low,34.89,38.41,24.74
66.84,112.83,Medium,82.9,8.57,44.52
49.5,47.71,Low,49.63,31.61,63.85
76.25,98.05,Medium,66.14,32.13,52.27
68.09,91.79,Low,29.34,13.37,40.73
58.35,96.57,Medium,46.81,29.02,52.13
100.04,99.77,Low,95.36,58.55,64.78
51.11,70.48,High,95.63,11.44,65.11
76.24,44.93,Low,10.36,4.22,102.99
62.58,76.97,High,20.55,60.0,66.73
62.6,93.76,Medium,41.99,17.96,47.47
75.02,92.91,Medium,92.01,12.02,60.49
119.47,25.55,Low,12.81,32.48,290.67
33.51,76.19,Low,72.36,90.83,32.78
89.92,80.36,Low,95.94,32.76,65.88
111.96,40.09,Medium,91.26,79.61,184.93
72.21,89.01,Low,93.65,31.19,45.53
106.27,95.67,Low,27.66,10.45,72.61
84.59,97.07,Medium,12.32,87.84,69.85
45.41,100.73,High,65.07,56.42,52.04
99.38,89.61,Low,48.65,2.7,69.05
32.26,21.18,High,33.43,17.39,112.18
110.99,79.3,Medium,30.54,93.64,84.52
110.67,94.76,Medium,54.48,38.88,83.3
77.4,42.01,Medium,80.29,74.58,124.59
63.91,22.09,Low,87.93,60.98,169.5
39.48,31.91,Medium,88.1,6.63,88.53
56.87,107.14,Medium,17.49,75.17,32.94
87.47,71.31,Low,15.72,64.48,79.89
38.32,74.12,Low,28.78,20.13,25.06
29.02,40.38,High,34.55,33.34,60.24
41.4,78.22,Medium,55.09,96.08,43.26
70.92,20.83,Medium,85.32,28.93,212.8
58.19,51.87,Low,53.2,56.77,61.36
62.8,114.64,Low,64.21,36.18,37.29
61.03,106.04,Medium,59.24,75.22,41.61
94.61,34.34,Low,33.32,25.22,166.95
49.87,74.54,High,92.88,28.67,61.97
93.38,36.78,Medium,57.12,61.83,152.66
104.07,67.98,Medium,90.06,67.93,99.42
22.65,74.59,Low,61.55,36.52,17.46
75.77,106.87,Low,98.76,85.33,38.81
64.02,42.31,Low,88.81,93.68,87.82
118.77,48.42,Medium,61.99,43.69,158.33
14.52,114.13,High,38.63,99.71,31.67
86.82,56.74,Low,31.64,68.88,92.04
36.41,24.95,High,54.99,26.74,107.69
119.42,57.23,Low,34.15,88.06,122.92
45.79,110.98,Low,88.83,41.52,20.17
15.19,66.02,High,25.69,32.78,45.94
118.07,111.39,Medium,24.38,50.84,75.89
60.11,26.25,Medium,55.85,23.51,159.04
60.45,119.74,Low,69.51,18.98,37.75
65.55,53.11,Low,92.13,14.59,77.66
113.45,90.43,Low,99.65,7.84,69.07
61.43,40.56,High,59.46,92.0,116.34
8.46,100.6,High,73.55,89.57,24.67
112.58,39.72,Low,87.44,92.97,165.24
90.94,30.03,Low,39.31,28.05,182.29
89.0,77.99,Low,18.08,60.02,61.01
17.11,95.28,Low,74.4,71.48,13.57
93.04,34.92,Medium,69.64,68.28,169.01
86.41,110.78,Medium,98.66,33.16,46.1
111.09,86.7,Medium,69.47,86.96,90.42
63.54,26.34,High,84.11,53.9,164.73
86.89,89.41,Low,23.94,66.86,50.7
105.17,62.88,Low,80.21,82.8,110.68
54.53,78.74,Low,14.83,35.41,37.6
61.02,27.93,Low,79.8,19.34,129.76
19.06,90.22,High,11.87,65.53,34.48
26.85,100.18,Low,86.4,58.29,19.61
73.97,21.6,Low,80.37,68.25,204.71
39.28,42.82,Medium,96.91,6.99,61.6
26.01,106.77,Medium,19.92,85.95,25.92
62.85,57.49,High,44.12,86.01,78.9
114.33,35.54,Medium,13.15,41.29,208.38
31.75,75.9,Low,95.89,9.64,25.27
89.99,119.4,Low,46.44,30.24,43.29
92.59,25.16,Low,97.78,57.54,213.89
93.1,89.0,Low,65.64,2.61,58.61
111.32,51.58,Medium,50.14,51.19,136.07
42.12,59.44,High,50.03,70.34,59.15
83.08,53.1,Low,21.84,84.91,89.11
24.76,88.98,High,53.08,31.13,35.7
86.6,119.46,High,87.26,24.57,58.99
61.27,76.26,Low,29.85,76.24,47.42
55.82,93.13,High,73.64,15.31,60.83
79.36,49.66,High,29.13,58.5,114.62
60.02,109.05,Low,10.92,32.53,36.51
94.81,20.43,Medium,33.69,73.61,289.29
69.84,51.05,Low,77.17,53.92,85.13
102.65,66.54,Low,94.18,61.25,96.09
43.24,92.34,High,45.72,16.59,55.27
84.08,47.12,Medium,41.74,18.02,126.55
40.69,89.65,Low,94.4,93.17,23.5
80.99,63.02,Low,23.61,59.53,81.41
45.76,68.51,Low,24.2,23.56,34.67
12.05,55.99,Medium,88.56,76.74,21.76
56.05,101.86,High,63.08,64.54,53.88
86.46,85.29,Low,92.62,14.21,59.28
34.6,99.19,High,14.73,79.86,43.66
76.11,85.54,Low,11.35,43.29,56.19
18.99,80.65,High,40.91,8.9,24.18
78.29,112.56,Medium,44.93,15.75,51.82
11.7,98.3,Low,75.32,66.73,4.43
10.48,111.46,Medium,68.48,19.91,17.57
63.87,103.33,Low,40.43,21.65,37.95
39.42,72.49,High,59.07,54.2,53.9
44.84,92.75,Medium,28.36,75.43,40.32
79.66,55.28,High,15.07,73.64,102.75
114.12,74.73,Low,56.66,66.62,90.94
64.37,35.74,Low,43.59,78.2,106.31
87.06,85.72,Medium,94.23,33.68,74.69
72.41,113.46,High,15.8,15.94,55.72
50.42,88.47,Medium,38.79,74.24,41.28
82.26,102.1,Medium,52.98,99.53,65.68
32.27,65.45,Low,14.74,5.86,30.31
102.54,90.63,Low,91.84,54.18,76.75
38.63,87.49,Medium,21.29,79.34,37.12
18.88,89.83,Low,72.93,19.4,5.14
54.59,102.02,Low,85.98,92.59,26.93
36.27,113.66,Medium,19.92,89.86,26.83
36.48,43.94,Low,20.77,51.82,49.75
78.85,89.83,Medium,24.71,7.55,67.92
56.74,58.69,Low,21.92,9.03,60.94
109.48,33.28,Low,12.81,8.9,194.87
94.17,30.93,Medium,21.38,6.04,185.51
44.0,74.38,High,40.01,77.06,52.88
85.93,92.5,High,25.12,61.0,79.8
32.5,39.92,High,84.86,3.51,76.4
28.59,64.76,Medium,42.04,3.24,29.14
83.66,95.28,Medium,85.11,83.15,68.14
52.92,111.64,Medium,95.06,36.0,37.86
27.45,92.18,Low,65.22,72.12,16.95
49.89,76.91,Low,62.68,95.54,35.46
16.33,34.39,Low,99.43,67.25,19.02
42.09,25.54,Medium,44.42,91.38,115.35
107.29,53.45,Low,28.43,38.27,113.24
113.36,42.32,High,83.58,23.47,177.09
80.61,93.75,Low,43.12,76.54,50.34
27.5,92.67,Low,31.43,56.63,17.39
65.45,67.72,Medium,41.11,4.07,59.29
40.74,112.65,Medium,87.43,63.39,26.32
68.87,93.97,Medium,96.53,79.64,50.09
66.59,26.18,High,29.94,50.97,168.35
58.49,64.78,Low,22.21,83.56,44.65
93.3,38.49,Medium,29.58,78.47,152.07
107.0,97.72,Low,97.74,14.53,59.26
100.43,32.41,Low,38.13,15.56,185.62
115.27,74.0,Low,37.42,82.66,99.3
109.77,83.02,High,75.6,52.95,103.93
18.76,84.48,Low,49.13,45.1,14.44
18.16,94.18,Medium,35.35,56.35,26.27
119.65,24.03,High,90.04,41.02,323.49
9.6,91.89,Low,81.59,0.77,9.45
103.85,55.27,Low,57.5,9.96,102.82
58.53,26.27,Low,83.48,16.74,142.6
38.23,44.8,Medium,21.36,90.37,60.51
89.33,81.17,Medium,93.45,48.67,78.15
59.3,67.14,High,77.56,91.09,69.43
47.09,46.44,Medium,53.1,44.11,67.89
13.48,90.19,Low,12.56,76.01,4.29
99.44,27.47,Low,86.04,82.14,208.91
61.12,41.08,High,54.34,13.35,111.49
92.06,110.85,Low,31.45,70.48,54.48
47.67,84.32,Medium,89.85,87.2,45.53
35.99,92.53,Low,25.22,84.61,22.14
89.48,96.04,Low,77.05,65.51,55.41
102.35,102.95,Low,43.79,39.33,58.51
93.91,27.69,Low,88.75,56.2,197.76
16.19,88.28,High,82.4,40.18,29.59
40.98,69.07,High,25.67,57.06,61.74
11.24,77.43,Low,32.68,8.86,20.36
119.59,84.48,Low,42.55,26.69,80.64
25.44,113.28,Medium,15.74,92.9,22.2
47.69,24.67,Medium,53.97,92.63,124.85
46.28,43.68,Low,98.24,34.11,64.59
32.51,81.95,Medium,41.48,1.36,41.53
27.32,114.76,Low,15.81,4.64,17.95
88.05,81.68,Low,31.49,52.01,73.53
119.58,30.2,Low,29.14,14.69,236.23
80.66,117.91,Low,15.3,3.63,45.23
26.81,107.11,Low,21.58,79.39,7.52
96.55,79.57,Medium,52.47,77.95,86.74
77.81,64.57,Low,62.64,84.68,70.3
11.9,80.47,High,47.25,1.17,27.21
56.89,97.61,Medium,55.66,23.27,43.87
50.79,20.97,High,91.73,5.55,170.91
57.61,84.34,Low,48.91,90.41,39.72
24.93,108.83,High,27.56,4.64,23.71
68.84,86.83,Medium,25.82,8.14,57.51
82.69,37.55,High,23.18,65.15,146.01
100.04,50.6,High,82.96,64.74,143.11
91.71,65.02,Low,54.98,99.45,78.58
9.38,65.82,Low,10.12,91.14,3.03
96.44,82.81,High,28.25,9.21,89.63
80.2,75.03,Medium,92.83,53.92,71.14
74.57,88.52,Medium,35.48,13.19,62.49
5.09,66.49,Medium,67.9,14.45,8.23
6.51,33.61,Medium,47.44,57.02,24.64
21.92,26.21,Low,44.81,60.42,52.31
35.55,88.37,Low,68.98,90.85,24.9
11.96,60.85,Low,56.61,63.42,18.47
34.65,106.21,Medium,89.8,70.29,28.14
31.34,21.08,High,30.53,5.35,117.45
99.77,54.24,Medium,35.83,39.86,115.21
28.21,24.35,Low,95.89,31.7,69.11
106.33,110.33,Low,51.99,81.02,58.6
29.65,107.36,High,98.95,61.87,37.35
15.49,80.76,Medium,68.17,1.49,24.32
90.77,69.33,Low,36.35,20.37,72.01
63.0,115.09,Low,81.45,11.22,23.23
72.41,24.98,High,18.67,4.61,196.7
46.88,112.63,Low,31.86,51.1,28.23
68.62,118.53,High,12.7,30.04,49.37
98.48,59.51,Low,40.3,96.73,94.76
21.11,119.58,High,97.99,72.17,27.66
35.78,35.77,Medium,77.2,32.86,67.5
90.05,101.37,Low,45.6,6.24,52.37
36.49,83.41,High,23.82,86.82,46.68
73.64,59.39,Medium,68.68,48.13,79.26
43.94,117.64,Low,56.24,60.0,27.32
13.23,60.34,High,15.08,60.82,39.27
62.34,106.46,Low,80.21,78.92,25.61
87.17,59.76,High,76.92,84.87,98.1
118.92,54.18,Medium,68.77,89.96,146.12
40.21,27.75,Low,63.69,58.08,82.06
54.66,51.53,Low,25.38,6.97,67.2
68.04,22.78,Low,19.22,6.59,171.32
73.11,78.0,Low,28.32,83.73,50.43
17.41,45.89,High,13.37,99.25,41.97
88.01,107.73,Low,92.7,69.76,55.79
38.1,33.87,Low,18.6,10.75,72.51
86.67,20.12,Low,64.16,25.81,251.88
35.47,101.45,Low,75.68,17.27,26.39
42.87,117.57,Medium,26.82,9.66,30.36
22.7,94.05,Low,94.4,46.42,18.5
40.16,118.54,Medium,97.05,57.44,25.42
93.27,44.79,Medium,23.51,76.03,131.44
70.99,26.16,Low,26.48,78.68,167.46
116.75,87.22,High,94.4,81.54,104.98
84.56,109.92,Low,72.97,98.16,41.34
61.51,91.69,Low,77.63,0.71,38.69
53.18,41.09,Low,40.18,64.5,81.62
114.58,74.83,Low,36.24,3.01,93.64
21.59,111.47,Medium,64.0,74.27,19.54
64.94,89.87,High,84.37,94.92,67.44
107.25,47.32,High,13.4,9.05,156.12
88.3,61.4,Medium,40.25,70.8,94.87
80.03,53.35,Low,27.76,53.95,94.61
70.92,24.5,Low,91.54,14.33,170.13
26.28,83.77,Low,78.27,46.15,14.41
75.6,40.34,High,62.7,95.68,136.76
13.85,27.7,Medium,98.83,78.47,44.67
81.83,91.5,High,91.89,11.18,64.79
31.62,30.73,High,22.04,74.17,85.59
30.73,36.1,High,55.95,24.07,78.61
14.12,32.07,Medium,57.18,80.72,35.9
65.84,31.07,Low,79.41,46.21,126.44
38.6,21.29,Low,93.45,41.53,106.68
66.5,33.51,Low,92.93,87.85,120.83
62.11,67.88,High,77.37,57.67,73.6
55.45,30.85,High,78.86,82.98,139.11
52.11,77.99,Low,10.89,83.58,42.76
34.97,24.35,Low,59.05,11.01,88.0
15.28,73.32,Medium,16.03,96.42,17.3
97.77,90.72,Low,38.69,83.03,59.26
23.01,71.52,Low,64.8,12.35,18.98
110.1,52.58,Low,96.28,82.8,120.47
56.37,21.34,Medium,17.31,68.71,164.82
56.68,102.75,Medium,35.63,41.87,45.51
14.41,88.38,Low,35.44,79.0,9.56
85.1,38.88,Medium,45.59,84.09,138.77
28.76,118.32,Medium,36.35,21.26,23.11
16.01,112.65,Low,19.98,28.41,7.09
88.03,81.79,Low,13.71,65.15,65.27
50.27,104.9,Medium,88.5,10.59,40.81
72.98,32.82,Medium,52.07,3.82,136.23
63.97,114.01,Low,18.07,96.48,35.89
7.85,78.96,High,37.03,49.09,25.4
92.72,81.9,Medium,37.34,30.36,79.55
35.56,61.5,Medium,61.01,97.23,48.26
117.57,79.09,Low,76.6,86.07,91.54
114.1,54.51,Low,95.35,31.53,130.95
88.45,76.23,High,62.57,12.1,85.63
88.43,21.88,Medium,38.12,23.5,259.07
10.84,102.92,Medium,64.83,94.85,10.78
73.32,66.55,Low,42.89,58.19,64.75
87.47,91.56,Low,88.24,0.4,61.63
9.82,43.9,Low,61.75,72.92,4.31
60.87,69.73,Low,49.65,2.85,55.03
118.48,103.39,High,54.4,27.76,92.78
10.5,90.87,High,44.4,51.49,27.29
71.57,48.27,Medium,61.55,13.11,103.48
13.23,80.48,Low,44.96,94.0,16.25
37.22,36.09,Low,76.01,24.22,58.83
85.71,58.87,Medium,88.73,92.56,98.52
23.67,36.78,Medium,20.1,56.73,45.38
61.61,56.49,High,19.48,71.37,76.07
114.77,66.93,Medium,72.15,42.63,109.9
72.78,49.24,Medium,17.9,5.16,105.98
74.76,32.64,Low,36.65,96.19,146.88
104.82,85.15,Low,24.66,6.36,75.92
112.7,55.74,Medium,62.25,66.58,131.66
21.58,20.1,Medium,24.01,37.56,77.38
36.86,88.32,Low,76.6,27.63,21.06
19.41,25.33,High,28.45,81.29,64.82
106.74,106.97,Low,11.86,7.04,62.37
100.07,112.79,Low,26.27,30.69,62.08
119.47,114.11,Medium,77.68,69.04,68.42
98.6,102.35,Low,25.88,26.61,55.84
18.7,110.18,Medium,48.09,24.61,26.35
112.13,99.17,High,57.97,27.43,79.07
5.8,111.34,Low,77.57,96.7,1.96
66.92,46.31,Low,29.73,80.69,81.14
94.99,94.09,Medium,90.04,96.98,55.91
107.22,112.75,Medium,30.24,11.48,61.54
40.12,61.85,High,65.38,78.47,56.8
79.14,91.75,Low,40.27,2.76,57.76
19.37,58.53,Low,83.91,89.15,23.48
74.99,43.47,Low,36.82,1.8,110.4
26.79,67.86,Low,42.8,44.08,27.75
55.49,50.9,Medium,15.87,71.12,69.99
116.6,77.26,Medium,61.61,27.61,104.4
12.83,31.6,Low,95.45,21.28,25.51
28.59,111.32,Low,35.78,74.11,14.11
63.37,75.59,Low,33.06,82.13,51.11
21.16,27.57,Low,40.93,99.52,43.45
112.38,46.58,Low,20.7,85.67,147.99
74.75,95.92,Medium,64.76,4.09,51.21
58.08,108.47,Medium,82.49,64.08,45.09
97.17,99.14,Low,36.09,82.4,58.59
85.35,93.01,Medium,72.33,75.8,64.32
90.62,26.85,Low,37.52,30.67,202.81
42.39,109.99,Low,29.52,71.56,29.95
25.52,112.23,Low,42.62,0.21,11.52
6.65,56.74,Low,35.48,81.09,6.89
17.31,118.07,Low,58.82,43.5,11.86
36.4,52.73,Low,57.82,20.62,38.49
75.9,108.42,Medium,45.31,8.67,48.25
113.97,95.0,Low,62.87,40.29,78.7
109.24,40.45,Low,55.68,42.49,151.89
115.99,54.29,Medium,10.82,80.4,130.67
43.83,91.55,Medium,99.49,74.61,41.34
80.49,119.72,Low,18.87,88.99,45.41
38.52,61.19,Low,38.12,30.51,37.68
22.35,34.78,High,11.35,51.97,52.81
9.25,118.21,Medium,78.8,21.29,22.7
73.77,85.63,Low,77.17,16.06,48.9
8.19,23.75,Medium,73.51,45.38,28.54
48.96,93.9,High,96.11,56.25,50.74
114.62,68.46,Low,23.47,74.89,98.03
30.55,40.74,Low,25.18,43.65,48.95
40.09,96.25,Medium,19.47,18.08,35.91
99.22,106.24,Low,71.98,66.47,54.59
71.52,50.6,High,56.47,2.75,105.38
8.18,36.68,Low,59.96,82.34,11.76
114.75,54.44,Medium,86.94,34.31,144.72
40.9,56.1,Medium,42.2,74.39,46.39
26.17,114.47,Low,61.81,50.76,9.54
6.89,44.38,Medium,24.48,65.57,18.27
65.27,69.99,Low,94.89,48.02,53.32
24.2,96.77,High,23.48,10.76,30.7
98.49,101.21,Low,35.21,57.24,49.45
5.33,68.09,Low,12.66,47.94,4.65
16.41,66.96,Medium,29.51,85.49,26.22
53.69,43.65,Low,55.43,86.72,65.06
5.67,71.4,Low,86.62,1.36,7.13
79.05,74.28,Low,73.01,95.12,68.25
65.48,28.01,Low,36.66,55.84,142.99
33.65,78.6,High,35.79,20.05,34.72
36.19,79.8,High,60.48,89.38,43.44
11.76,37.25,High,93.08,67.43,36.43
115.42,51.03,High,70.86,90.65,158.28
23.5,81.99,High,43.63,60.75,25.87
96.37,96.0,High,19.41,15.21,84.24
52.77,89.55,Low,78.43,57.08,35.15
19.91,116.11,High,19.8,42.01,26.56
11.51,45.84,Medium,10.85,51.99,26.78
27.65,43.56,Low,27.14,0.68,36.58
10.38,26.34,Low,84.19,26.78,24.68
108.76,81.27,High,11.51,1.4,100.35
101.3,87.45,Low,57.03,80.27,71.03
60.0,73.49,Low,32.9,41.95,44.98
19.69,88.35,Low,63.31,75.9,18.72
44.19,64.52,Medium,55.22,64.3,53.46
58.0,108.33,Low,62.34,80.69,36.31
25.69,107.36,Medium,45.46,72.86,20.83
64.92,68.44,Low,92.22,84.74,55.2
93.48,70.06,Low,36.85,42.94,81.05
90.93,39.01,Low,20.37,98.47,150.38
104.44,95.54,High,18.71,17.46,91.09
92.87,80.26,Low,48.6,54.83,63.9
103.04,64.39,Medium,32.27,22.01,116.92
35.81,112.06,Low,38.6,56.93,16.54
88.86,29.39,Low,41.47,43.95,179.02
84.08,83.67,Low,91.86,48.18,74.05
45.35,61.03,Low,26.45,42.99,31.34
77.38,95.48,Medium,82.89,37.29,50.0
49.91,71.24,Low,84.07,52.16,33.68
64.16,89.48,Medium,66.21,57.98,49.89
39.96,27.43,Low,56.22,57.57,91.56
96.65,57.26,Low,89.58,79.11,103.19
17.4,55.74,Low,24.77,62.79,17.6
90.96,94.46,High,93.95,64.39,79.56
116.19,46.93,Low,14.3,91.38,143.33
23.07,91.59,Low,78.47,45.97,20.98
105.38,30.83,Low,73.13,97.66,204.3
87.16,42.35,Medium,89.33,34.15,123.97
45.17,99.73,High,14.48,68.94,45.74
26.63,27.21,Medium,14.36,3.69,63.42
107.54,55.33,Low,63.11,29.78,110.57
44.71,81.46,High,30.67,80.55,55.31
28.63,86.62,Low,50.75,13.71,16.61
17.58,47.72,Medium,52.25,14.69,36.51
84.34,86.11,Medium,82.32,28.94,68.12
8.95,89.85,Medium,13.66,24.07,17.91
60.17,65.63,Low,27.65,67.97,49.85
64.61,84.78,Low,63.82,26.77,40.4
69.31,67.28,Low,18.54,98.85,64.48
115.04,60.59,Medium,20.19,88.67,123.32
93.89,71.29,Low,90.04,21.19,79.94
88.18,22.39,Low,87.46,59.5,231.0
106.01,29.1,Low,44.78,10.34,213.27
116.07,34.12,High,81.12,81.05,224.06
44.07,41.93,Low,28.42,14.52,61.97
88.59,68.14,High,30.27,53.69,102.92
77.02,87.31,Medium,40.66,74.09,62.06
98.08,51.95,High,18.79,84.14,138.27
100.62,72.4,Low,81.93,97.42,81.48
111.14,88.75,Low,51.61,92.39,72.71
98.62,81.94,Low,23.77,37.44,72.46
37.78,41.74,Low,71.97,53.78,48.41
74.67,38.09,Medium,43.57,45.07,124.38
35.01,118.12,High,87.62,94.72,34.7
98.68,91.63,Medium,92.99,8.97,77.78
58.41,45.36,High,46.1,94.02,93.54
36.43,84.38,Low,29.16,32.85,31.8
20.47,82.6,High,59.92,63.47,28.62
21.64,36.65,High,84.19,75.37,53.38
27.62,62.04,Low,60.96,16.1,27.55
62.25,115.23,High,62.93,22.82,57.63
28.71,115.94,High,53.39,8.89,41.73
93.25,41.75,High,40.69,59.55,149.12
34.51,20.72,High,43.05,51.98,120.57
35.2,76.67,High,73.42,11.56,38.59
78.91,62.4,Medium,91.33,17.78,93.8
119.45,26.23,Low,50.58,60.65,272.56
67.39,100.38,Low,32.38,2.36,47.58
89.25,61.2,Low,31.49,45.59,94.96
47.12,118.65,High,59.33,65.37,44.36
13.56,77.03,Medium,36.26,87.73,27.24
27.45,40.92,High,43.74,50.73,58.46
117.12,25.79,Medium,73.68,86.68,281.07
62.98,89.62,Medium,15.16,25.14,53.06
118.35,71.91,Low,69.35,50.83,103.91
43.46,92.58,Medium,61.14,32.93,30.63
104.7,88.33,Low,99.19,75.37,63.3
37.43,94.46,High,56.45,37.98,39.78
61.18,102.61,Medium,28.63,68.71,48.16
68.96,113.73,High,29.82,84.22,51.72
98.4,64.25,High,46.44,16.67,116.9
103.08,64.73,Low,47.52,58.52,85.3
61.73,96.11,Medium,25.2,14.6,52.78
115.32,39.3,Medium,82.77,81.37,181.01
23.26,61.75,High,46.96,46.52,34.68
9.13,84.97,Low,60.52,20.64,5.94
51.75,30.66,Low,80.04,16.24,102.74
44.42,97.0,Medium,43.46,5.63,28.5
36.72,91.65,Medium,76.48,34.52,35.57
70.86,44.63,Low,88.92,82.04,93.57
81.98,95.4,Low,19.04,94.23,47.73
109.0,75.44,Medium,16.52,88.58,94.16
104.35,109.83,Medium,14.99,74.96,71.11
90.82,70.41,Low,22.84,46.44,86.71
114.16,99.64,Low,11.41,94.14,71.06
58.91,38.52,Low,77.62,94.52,85.74
70.57,70.02,Medium,28.81,44.81,68.28
21.97,31.86,High,86.31,21.88,59.36
16.1,49.48,High,23.81,35.12,37.4
118.15,86.49,Low,61.18,33.49,88.12
113.77,38.9,High,60.54,26.28,200.25
111.82,71.66,High,86.84,85.88,113.62
118.5,100.48,High,92.55,45.64,102.17
98.09,42.85,High,97.22,4.06,158.61
18.12,70.39,Low,19.47,25.47,16.86
67.19,116.22,Low,38.18,72.26,27.83
83.42,99.69,High,81.41,42.95,75.73
60.55,73.8,Medium,59.86,45.12,59.39
5.53,27.64,High,59.0,17.79,44.5
103.59,30.22,Low,19.94,54.44,201.39
31.9,96.22,Medium,73.52,43.85,27.65
75.3,98.47,Medium,27.98,38.04,64.77
83.47,46.35,High,54.89,14.85,126.49
39.72,35.42,Medium,98.01,12.06,82.83
73.69,79.84,Low,14.99,3.61,51.73
49.96,100.79,High,12.61,39.07,54.68
68.88,81.14,Low,83.98,73.42,54.89
16.88,119.93,Low,42.69,42.96,0.0
8.41,101.62,Low,23.49,60.51,0.66
43.36,118.6,Low,44.02,51.36,25.99
68.87,92.48,Medium,88.85,29.87,54.86
63.86,74.71,Medium,52.31,0.04,60.26
72.87,53.73,High,56.16,35.8,97.66
79.23,34.46,Medium,48.29,19.37,145.5
62.32,60.56,High,45.66,70.25,78.73
45.61,43.98,Low,59.73,72.49,62.99
49.62,63.99,Medium,54.26,41.55,54.89
97.43,66.74,High,41.37,65.63,111.39
64.56,25.69,Low,16.64,0.29,143.22
80.72,55.96,Low,53.08,2.17,90.25
15.14,39.71,Low,98.18,34.37,22.26
59.32,56.13,Low,27.58,81.35,64.65
108.62,69.19,High,33.72,44.26,106.33
56.29,77.63,Low,27.21,56.67,44.01
21.62,70.28,High,62.46,46.86,41.76
12.34,77.38,High,96.66,60.14,29.4
27.55,92.84,High,93.83,70.01,40.81
110.63,97.39,Low,93.08,48.2,80.66
84.91,101.95,High,47.17,13.28,68.53
8.52,113.27,Low,12.88,67.12,0.0
12.81,80.9,Medium,77.28,60.1,23.03
55.16,114.3,Low,45.22,89.52,22.62
75.05,57.63,Medium,16.23,24.98,86.1
82.77,67.79,High,14.98,30.7,95.64
101.28,91.91,Medium,24.72,31.27,72.51
32.44,113.03,High,56.72,88.61,29.04
33.65,94.53,Medium,85.46,43.62,26.47
11.02,40.62,Low,88.51,56.09,15.44
102.43,44.91,Low,42.27,32.81,132.43
32.78,23.19,Medium,90.0,39.71,96.44
13.67,112.69,High,59.16,51.23,25.38
110.41,119.41,Low,76.86,76.64,62.47
59.44,20.57,High,90.87,10.25,196.8
14.68,37.57,Medium,17.04,90.42,39.72
46.82,72.77,High,11.94,81.53,62.44
71.76,21.69,Low,97.21,25.48,201.61
25.04,96.13,Low,41.06,64.89,12.46
25.32,46.43,Low,88.8,99.31,41.71
44.57,45.19,Low,65.83,94.82,60.63
41.96,81.2,Low,89.75,6.32,35.07
54.56,42.9,Low,77.9,72.66,81.49
40.94,82.38,Medium,81.19,52.26,34.89
59.37,31.74,High,29.61,95.64,134.45
67.37,87.34,Medium,25.93,60.67,58.66
115.93,25.73,Low,77.05,31.75,261.33
63.12,59.63,Low,26.45,69.63,64.48
10.35,98.59,Low,53.53,50.45,9.38
44.31,100.95,Medium,10.52,3.37,35.68
9.96,81.85,Low,11.65,77.49,18.57
111.59,72.96,Low,69.79,9.68,85.67
54.41,78.67,High,54.05,82.14,61.36
77.56,40.86,Medium,19.4,41.43,124.7
16.01,53.73,Low,72.92,16.77,15.16
40.33,105.63,High,23.92,61.65,36.48
21.97,89.91,Low,69.39,73.53,13.22
46.78,57.11,Low,64.3,46.88,52.28
46.75,79.31,Low,25.58,84.5,42.91
36.41,66.72,High,13.92,89.9,56.05
51.5,92.7,Low,71.55,74.67,37.87
42.31,88.53,Low,19.34,27.8,17.39
90.63,50.57,Low,30.92,61.56,105.98
72.53,117.15,Medium,44.65,23.93,48.55
118.48,112.22,High,90.21,91.74,88.64
26.83,104.02,Medium,89.74,67.54,27.41
42.75,94.04,Medium,26.77,83.53,39.98
81.85,60.58,Low,58.62,45.23,84.43
63.05,97.55,Low,12.91,47.63,32.16
41.87,117.98,Medium,78.78,77.72,26.44
72.95,91.85,High,74.1,1.59,76.15
10.18,75.57,High,42.36,70.26,29.97
97.75,93.62,Low,43.42,29.38,59.03
86.46,26.24,Low,96.16,57.84,196.62
51.45,22.23,Low,68.33,51.23,134.32
84.17,114.15,Low,40.74,97.91,43.94
116.16,65.81,Low,49.08,72.0,107.17
55.54,28.71,Medium,30.21,51.83,137.43
30.65,85.01,High,23.99,1.79,35.93
83.44,78.57,Low,57.05,19.84,61.87
28.25,61.21,Medium,26.06,20.32,39.38
103.57,23.28,Low,22.96,27.41,277.53
116.47,48.47,High,17.37,68.65,154.87
17.93,102.89,High,51.86,87.76,37.93
13.76,95.54,Medium,41.42,29.01,20.24
16.28,26.61,Medium,42.1,75.55,44.28
65.74,61.27,Low,23.64,78.29,64.58
101.41,118.12,Low,60.98,41.59,52.89
113.41,48.94,Medium,49.93,1.6,152.84
5.33,54.49,Low,57.34,25.42,0.0
115.95,107.97,Low,54.25,96.47,64.49
23.95,97.87,High,80.3,95.75,35.75
57.56,48.05,Low,74.93,88.47,83.69
47.02,95.18,Low,82.9,76.88,32.03
82.75,46.04,Low,41.14,63.47,108.47
42.26,36.71,Low,85.51,95.36,65.21
40.94,49.54,Low,86.76,27.85,47.17
31.57,108.34,Medium,66.0,34.4,21.06
40.8,90.32,Low,39.83,22.12,25.76
23.72,64.16,High,37.94,53.82,51.06
19.71,108.98,Low,48.12,88.38,3.01
23.04,68.74,Medium,43.18,62.5,35.47
36.46,88.76,High,84.55,21.31,39.99
108.01,21.05,High,98.4,16.92,329.47
14.25,94.1,Low,70.86,50.25,8.76
117.01,73.69,Low,97.93,77.82,90.88
97.12,49.6,Low,79.98,41.46,125.76
71.77,46.6,Medium,66.26,68.92,106.14
118.35,77.1,High,72.4,58.81,108.63
39.37,102.63,Medium,15.83,72.74,34.05
95.44,87.48,Medium,67.73,32.71,67.77
108.13,108.83,Medium,86.93,17.3,72.74
61.98,101.12,Low,44.08,75.63,43.05
104.59,79.63,Low,37.71,99.91,89.51
44.2,117.83,Low,78.01,91.26,17.49
83.28,26.54,High,13.71,20.66,212.64
32.2,109.43,Low,64.44,11.49,10.03
83.43,82.24,Medium,23.17,26.15,67.52
93.89,67.38,Low,62.53,23.18,87.99
56.16,62.36,Medium,80.72,93.81,75.45
18.61,82.77,Medium,52.3,99.83,25.63
13.13,41.74,Low,49.77,59.4,12.36
85.55,43.34,Medium,64.77,52.83,128.15
64.27,109.51,Low,81.94,14.57,42.68
18.21,80.02,Low,97.8,63.77,7.86
32.83,30.78,High,74.14,61.53,82.4
58.61,21.99,Medium,70.79,42.9,168.4
51.71,97.56,Low,71.57,5.08,31.69
29.4,84.65,Low,24.5,91.73,19.31
48.49,52.24,High,87.65,51.5,72.52
81.67,20.83,Medium,55.01,13.6,247.52
26.07,117.58,Low,39.59,63.26,15.25
65.33,47.14,Medium,95.21,77.1,95.02
89.66,56.4,Low,20.22,60.18,100.48
93.46,35.94,Low,51.05,85.04,155.71
19.29,34.73,Medium,96.73,6.29,47.59
10.75,92.85,Low,97.8,10.15,8.86
107.15,103.32,Low,21.05,41.88,57.78
29.69,37.11,Medium,73.69,95.7,53.92
92.82,100.97,Low,40.61,27.22,57.91
79.62,37.5,High,36.09,78.51,148.59
86.99,38.17,High,83.63,57.02,152.34
98.61,54.59,Low,33.97,42.76,109.57
68.29,107.56,High,68.93,84.9,54.35
14.09,77.91,Medium,60.18,51.81,26.15
47.42,59.03,Low,46.46,12.43,48.82
12.56,28.72,Low,29.92,17.83,22.94
30.71,38.86,Low,88.48,43.8,52.25
33.87,86.33,Medium,75.7,60.23,38.26
113.3,30.18,Low,68.28,0.36,220.08
18.59,81.17,Low,26.07,10.42,10.38
98.62,83.83,Medium,43.9,64.28,74.52
44.16,43.09,Medium,68.52,6.78,70.02
96.93,30.03,Medium,46.58,54.56,198.1
114.1,75.77,Low,29.55,39.76,87.56
107.85,119.82,High,83.46,18.68,78.9
39.63,79.95,Medium,10.96,51.09,37.74
92.51,79.46,High,10.82,62.88,91.88
72.6,20.77,Low,43.07,93.07,199.51
71.75,20.64,Low,63.51,85.92,218.46
11.57,69.82,Low,47.17,91.67,4.72
64.46,117.94,Low,82.27,23.82,36.22
29.47,34.54,Medium,55.39,2.28,58.2
115.75,97.48,Low,40.54,48.93,72.1
54.65,57.89,High,70.84,25.62,77.34
75.21,37.27,Medium,70.93,14.58,117.8
70.22,76.72,High,89.84,58.02,71.59
59.04,116.44,Medium,96.71,89.65,43.72
78.38,77.22,Medium,45.41,64.93,73.6
15.69,59.86,Low,64.34,58.32,23.32
21.75,83.41,High,79.83,65.82,32.52
31.09,87.02,Medium,51.05,91.72,20.34
14.69,84.21,Low,83.93,2.97,6.42
101.12,111.98,Low,60.1,96.39,54.11
102.15,34.91,Low,19.4,33.19,172.95
118.41,119.11,Low,64.13,34.42,58.93
67.88,100.71,Low,94.88,46.42,45.51
113.01,77.78,Medium,18.52,4.33,97.36
14.12,28.76,Medium,71.53,16.66,31.78
57.02,72.18,Medium,93.61,59.66,62.66
55.85,41.41,Low,88.71,82.53,81.11
79.33,68.93,Low,35.48,83.71,68.06
66.19,24.3,Low,82.31,99.18,156.46
100.55,70.65,Medium,88.48,0.51,95.2
16.48,81.68,Medium,72.95,17.64,22.67
15.62,69.73,Medium,77.11,20.42,30.95
7.24,108.9,Medium,72.08,11.87,14.04
96.36,94.4,Medium,72.73,87.32,69.37
22.38,119.01,Low,80.1,85.95,15.02
14.27,88.23,Medium,81.86,25.11,28.78
85.43,62.0,Medium,84.11,6.7,90.94
10.16,41.72,Medium,92.13,67.07,30.03
35.52,92.89,High,36.32,73.53,41.98
62.98,93.72,High,88.46,68.29,49.97
9.28,87.39,High,26.46,90.73,32.89
71.87,72.78,Medium,23.13,46.58,71.69
64.53,84.95,Low,78.52,72.22,40.19
54.07,41.69,Low,10.72,94.59,84.96
110.26,89.62,Low,12.98,5.07,70.96
53.97,45.17,Low,74.56,62.62,77.95
98.06,67.81,High,67.29,0.83,106.05
11.88,63.58,Medium,86.4,93.18,26.32
15.16,78.47,Low,24.64,51.68,11.89
45.86,114.53,Medium,97.68,50.58,32.68
21.98,56.78,Low,41.51,13.23,24.89
84.61,104.77,High,81.19,39.71,71.45
95.31,22.94,Low,78.35,7.36,245.94
52.97,102.96,High,82.34,55.72,53.12
42.18,96.3,High,68.52,64.92,47.9
110.35,75.32,Low,92.22,33.06,97.32
101.3,47.88,High,83.65,71.9,140.77
73.65,73.32,Low,98.07,40.21,60.95
90.83,40.43,Medium,55.62,22.67,148.86
77.51,22.95,Low,42.97,20.31,208.93
6.67,31.29,Low,50.43,60.98,11.67
23.74,45.39,Low,89.92,58.6,37.34
72.83,76.29,Low,98.03,23.5,60.04
6.39,26.89,High,87.33,26.07,37.21
87.21,119.2,Low,28.74,65.4,46.94
47.5,94.82,High,43.66,9.24,52.46
19.55,88.85,Medium,46.89,52.37,12.4
53.35,58.96,Medium,52.83,81.84,62.84
92.26,113.62,High,40.06,28.0,71.57
44.9,76.2,High,79.51,53.24,56.92
9.27,34.42,High,98.72,84.46,30.39
32.66,94.49,High,45.39,61.69,45.13
44.48,45.99,Medium,47.43,76.96,68.09
28.77,72.9,Medium,67.83,41.16,37.46
20.52,93.44,Low,99.48,95.07,11.53
73.4,111.45,Low,55.07,11.1,38.88
18.92,78.07,High,81.43,60.47,38.76
101.46,81.98,High,14.08,26.11,97.23
63.95,46.9,High,30.74,42.0,101.37
92.24,42.72,Medium,34.62,63.29,144.44
49.21,57.97,Medium,63.26,27.35,60.22
11.47,87.47,Medium,39.7,63.44,18.44
16.21,110.69,Low,67.77,11.87,13.72
54.66,42.3,Low,79.14,23.95,82.11
96.3,60.36,Medium,39.75,1.15,107.33
15.83,85.43,High,80.08,23.67,21.9
23.51,61.77,Medium,99.97,4.63,39.45
115.08,29.04,Low,43.2,47.68,230.68
101.47,37.45,Low,99.24,77.92,165.26
101.58,64.21,Low,74.39,68.14,97.0
16.84,113.75,Low,94.53,75.28,6.44
83.85,86.77,Medium,83.67,61.89,71.58
16.25,118.86,Low,66.7,7.03,4.01
56.1,29.54,Low,41.91,96.76,116.88
115.87,22.25,Low,53.03,81.51,312.99
71.2,69.3,High,31.02,57.53,85.8
57.42,27.58,Low,65.72,56.5,116.66
54.48,95.71,Medium,21.69,25.17,49.54
51.65,53.0,High,48.48,68.63,81.76
113.83,99.21,Low,97.49,87.05,62.71
24.83,95.66,Low,81.4,55.05,17.94
39.24,63.58,Medium,50.13,85.12,37.99
13.82,55.75,Low,13.69,99.69,10.53
78.18,106.21,Low,37.08,4.07,47.47
32.07,119.85,Low,17.34,97.48,13.12
84.46,50.4,High,87.13,30.68,119.33
85.68,60.41,High,94.91,20.68,108.8
59.67,46.76,High,51.46,28.1,101.07
84.27,93.11,Low,86.59,8.62,60.03
14.75,41.29,Medium,64.05,58.54,30.79
20.23,69.15,Medium,93.72,97.82,31.18
13.26,39.38,Medium,58.06,53.13,39.57
107.99,71.59,High,39.8,87.97,117.92
92.04,114.4,High,54.72,18.77,70.88
61.36,68.65,Medium,29.77,88.34,65.72
32.29,115.4,Medium,13.13,77.47,30.46
29.67,35.41,Medium,90.11,61.32,61.38
12.19,41.4,Medium,95.89,7.28,34.78
73.17,115.02,Low,25.51,35.96,36.02
13.01,88.99,Medium,30.56,87.43,17.47
111.07,103.35,Low,28.3,55.32,66.06
32.32,23.97,Low,99.16,32.76,68.07
51.55,110.5,Medium,97.55,79.66,49.94
19.79,78.36,Medium,60.33,6.56,28.22
72.13,27.77,High,33.49,25.87,174.84
92.43,48.27,High,85.8,67.07,131.94
105.03,99.77,Low,31.43,58.29,71.61
55.0,50.66,Low,43.42,51.48,69.84
89.9,25.6,Low,69.23,70.83,202.58
46.18,29.42,Medium,88.24,96.03,102.37
38.26,76.91,Low,85.83,28.75,32.64
60.24,66.59,Medium,10.34,47.98,68.12
61.54,29.64,Low,37.99,33.07,126.53
12.09,107.97,Low,77.47,48.61,4.75
27.81,66.59,Low,60.6,45.54,28.56
81.28,96.17,Low,17.16,66.74,57.48
77.42,103.53,Low,36.68,15.98,49.92
110.2,21.0,Low,84.53,49.67,320.23
73.17,39.9,Low,82.25,25.26,104.63
17.45,29.69,Low,75.33,46.08,32.54
54.47,44.03,Medium,24.46,36.3,89.29
57.44,93.15,Low,14.94,47.85,36.08
72.21,99.19,Low,10.98,8.15,40.01
86.06,27.37,Low,26.31,80.68,183.85
53.22,113.73,Medium,49.73,22.66,45.25
93.01,52.58,Low,14.64,75.58,106.27
14.82,66.38,Low,12.66,84.13,16.35
9.78,59.01,High,58.73,25.21,30.03
87.5,29.22,Low,22.69,12.16,175.54
91.12,109.22,Medium,57.52,71.29,59.09
27.96,45.25,Low,35.31,37.01,35.18
94.21,61.71,Medium,91.01,40.26,101.3
15.09,22.34,High,10.72,71.54,61.62
112.46,115.17,High,62.17,69.54,82.03
26.68,65.23,Low,91.66,1.62,23.94
28.62,95.81,Medium,61.24,25.1,32.89
61.42,100.32,Low,19.27,68.47,35.9
29.51,118.13,Medium,92.42,28.42,21.69
94.6,71.59,High,45.91,54.89,97.48
76.03,67.1,Medium,49.35,20.65,79.86
100.72,77.81,Low,35.22,17.38,75.22
86.16,77.12,High,30.24,15.86,72.18
93.66,28.49,Medium,75.51,20.87,209.44
63.61,48.8,Low,82.17,36.79,77.01
27.74,111.14,Low,44.62,62.52,10.74
117.96,102.76,Low,41.69,53.72,63.66
28.49,103.82,Low,23.05,35.17,17.59
31.71,68.79,Low,47.65,4.97,32.59
76.12,28.35,High,43.54,92.13,185.17
55.54,82.13,Medium,41.39,0.11,60.3
19.67,96.87,Low,39.06,47.1,8.68
19.47,71.98,Low,56.11,87.97,6.21
34.92,65.36,Low,35.66,40.92,36.38
109.67,74.52,Low,18.25,34.21,87.06
108.01,68.21,Low,49.77,57.57,103.0
98.45,108.04,High,20.15,42.6,73.63
77.65,72.48,Low,39.69,45.73,62.26
73.88,30.95,Low,47.09,11.23,143.87
73.92,60.16,High,29.63,44.85,97.98
60.53,75.38,Low,80.09,81.87,41.66
15.04,106.9,Low,95.01,20.68,11.39
104.61,103.87,Medium,95.42,39.7,78.73
82.81,85.71,Medium,74.83,87.57,66.95
68.99,32.0,Medium,48.05,21.94,143.37
25.18,113.98,Low,19.85,54.17,14.4
23.56,104.4,High,45.74,25.02,45.72
37.09,26.81,Medium,68.28,27.05,101.71
80.08,69.43,Low,66.25,46.39,65.29
49.04,33.02,Low,96.89,30.99,85.75
57.89,73.8,Low,15.7,86.93,49.05
18.46,77.46,Medium,93.48,77.7,22.86
99.36,27.83,High,30.78,94.09,238.61
8.05,104.73,High,38.59,54.96,17.74
89.84,99.33,Low,22.48,0.89,55.03
103.71,54.83,Low,64.78,68.92,113.2
90.61,116.62,Low,36.1,55.08,42.8
17.25,96.96,High,24.35,60.54,37.49
52.25,24.36,Low,57.27,92.92,130.12
43.76,39.15,Low,31.91,69.57,64.93
16.48,32.12,Low,87.98,71.49,23.42
111.16,96.08,Medium,50.77,67.93,71.86
100.47,82.38,Low,94.16,80.04,73.87
68.69,66.29,Low,10.36,66.7,70.8
117.64,92.81,Medium,78.61,84.89,89.88
99.67,113.98,Low,19.98,4.68,51.85
59.96,46.76,Medium,11.06,67.49,86.65
18.34,30.58,Medium,39.6,55.89,42.52
53.06,103.21,Medium,53.46,18.3,39.39
45.47,31.89,Low,96.89,55.87,78.12
19.75,75.01,Low,46.88,99.46,14.06
95.47,85.07,Low,15.81,55.01,65.34
94.52,75.25,Low,76.03,37.45,67.38
27.58,117.05,Medium,78.43,61.61,18.28
22.04,102.1,Medium,45.07,11.35,20.17
32.98,89.12,Low,91.46,50.91,17.7
7.17,117.12,Medium,61.9,94.96,9.96
95.7,75.28,High,54.06,53.05,104.89
73.07,58.02,Medium,44.51,67.27,84.48
93.78,87.3,Low,18.07,73.46,61.27
16.09,50.98,High,31.53,35.06,35.74
31.72,92.59,Medium,10.47,0.26,32.2
75.04,76.14,Medium,67.92,84.28,61.99
105.41,65.74,Low,14.92,1.79,100.52
31.12,112.41,Low,37.16,37.79,13.65
37.88,118.95,Low,79.87,99.17,20.57
16.09,53.6,Medium,41.02,11.57,24.26
29.77,73.25,Low,88.91,23.18,22.68
43.85,38.43,High,33.85,5.25,86.43
5.2,91.43,Low,75.88,94.67,6.06
39.91,104.34,High,23.2,81.44,42.65
68.38,42.72,Low,11.81,24.36,90.66
22.19,54.94,Low,52.58,59.06,25.89
104.75,99.73,Medium,73.03,36.77,76.78
60.22,20.86,Medium,76.47,64.0,184.8
31.9,111.25,Medium,23.93,85.44,19.25
7.28,78.83,Medium,65.43,74.35,10.57
38.73,59.27,Medium,84.21,63.06,53.01
18.62,99.59,High,51.41,11.94,22.92
108.83,101.71,Low,78.16,53.02,58.88
28.8,53.38,Low,70.73,35.84,20.06
71.16,112.13,Low,58.6,88.95,35.45
83.91,59.81,Low,17.2,83.83,82.31
90.41,38.98,Medium,85.31,80.3,152.04
58.28,75.02,Low,80.15,56.63,39.48
90.5,102.42,High,48.4,68.36,72.02
42.47,64.07,Medium,37.41,83.84,41.3
25.98,55.04,High,20.51,94.16,45.35
10.81,84.69,High,23.75,58.19,28.47
34.05,22.58,Medium,54.98,54.56,101.74
111.84,25.76,Low,87.08,32.88,266.36
84.33,118.07,Medium,62.22,55.94,58.59
41.7,104.44,Medium,83.01,54.63,26.25
61.55,108.96,Medium,57.49,68.0,42.48
45.52,43.43,Low,94.38,19.59,59.46
103.21,97.92,Low,68.11,13.39,59.73
34.13,93.69,Low,63.97,9.65,20.4
37.63,63.29,Medium,17.17,68.62,47.35
26.94,69.61,High,63.15,53.61,41.11
68.24,94.76,Low,35.84,14.7,51.85
65.03,47.74,Low,87.09,68.06,79.5
22.13,60.47,Low,57.59,49.93,22.82
84.18,29.28,Low,53.17,78.53,160.65
109.71,40.19,Low,18.51,71.35,167.01
60.36,54.44,Low,59.04,20.78,65.87
71.15,88.43,High,15.41,30.97,71.89
69.27,49.12,Medium,12.82,47.17,94.11
105.34,82.23,Low,96.43,38.27,79.3
6.58,26.36,Low,56.06,16.96,7.7
6.91,81.23,Low,81.29,77.5,7.34
104.84,106.4,Medium,17.06,50.56,62.68
73.11,61.69,Low,15.49,49.25,73.83
71.36,101.95,Low,49.59,50.87,35.18
8.3,37.12,Medium,99.17,34.66,15.93
113.6,49.89,Medium,74.45,79.84,146.98
70.34,60.39,Low,55.1,69.39,79.3
106.96,61.32,Low,85.51,13.35,101.48
91.68,99.11,Low,20.05,77.23,44.92
78.37,86.18,Medium,95.78,5.4,68.1
118.32,69.9,Low,48.69,48.91,95.12
26.96,54.64,Low,65.54,3.45,28.33
19.65,117.58,High,90.69,56.39,30.09
83.03,118.28,Low,37.19,82.51,43.89
77.5,90.96,Low,89.24,29.59,52.12
69.35,43.44,Low,84.61,11.02,90.64
89.43,79.22,Low,21.66,73.95,64.28
72.53,45.96,High,62.11,61.85,114.5
45.84,45.28,Low,58.23,87.01,67.63
117.44,117.01,Medium,39.86,35.24,65.71
47.06,34.79,Medium,56.53,63.05,92.97
110.59,96.1,Medium,70.09,13.84,75.5
67.72,90.84,Low,83.06,37.96,43.68
45.44,29.68,Low,50.84,71.22,87.11
105.13,75.37,Medium,89.65,81.52,92.71
19.93,116.96,Low,28.5,24.68,5.18
60.03,31.58,High,22.08,38.37,135.15
48.74,110.58,High,60.85,94.77,41.9
106.99,67.7,Low,61.31,61.14,93.59
12.05,80.39,Low,41.99,99.62,0.51
47.23,34.72,Low,96.01,27.19,76.81
102.42,88.6,Medium,57.85,76.14,70.52
62.05,119.28,Medium,93.76,98.84,36.91
12.31,90.2,Low,49.72,3.1,12.38
15.68,40.69,Low,90.16,25.92,19.76
84.62,85.91,Low,71.73,71.84,53.66
67.56,88.25,High,10.34,69.34,70.75
72.52,103.56,Low,19.09,0.88,46.4
56.19,112.04,Low,21.65,25.11,24.4
99.25,83.58,Medium,93.83,87.84,86.41
42.23,23.09,Medium,27.79,75.33,120.31
65.99,96.68,Low,48.56,8.77,30.05
25.15,75.88,Low,77.68,4.67,20.66
87.18,30.27,High,86.78,83.94,192.99
68.68,21.75,Medium,40.32,6.15,205.21
14.24,44.54,Low,31.26,85.85,15.79
19.16,87.59,Medium,15.86,48.96,29.75
49.05,106.6,High,61.25,48.83,42.64
23.12,83.77,High,69.31,70.72,43.15
94.28,23.18,Medium,56.62,58.28,254.06
8.03,110.0,Medium,95.45,75.62,2.88
36.72,58.33,Medium,48.91,22.5,53.62
47.05,97.41,Medium,25.9,60.23,32.34
91.98,76.02,Low,59.92,3.48,80.73
56.55,48.63,Low,66.01,16.5,69.67
21.5,107.96,Medium,72.17,36.05,18.76
44.42,57.73,High,80.91,60.28,68.07
98.7,28.29,High,84.5,72.9,242.12
52.39,77.24,Medium,36.58,25.17,49.36
60.86,71.81,Medium,82.95,52.23,66.44
107.54,49.12,High,40.32,61.51,142.99
78.49,96.83,High,63.83,22.69,72.08
9.65,84.5,Low,67.93,62.57,15.06
81.71,110.75,Medium,59.98,16.59,51.05
42.28,54.61,Medium,92.34,2.57,58.68
14.46,64.04,Low,44.28,64.57,6.27
67.7,39.06,Low,52.68,32.63,106.59
30.45,20.99,Low,60.79,75.41,82.29
46.98,115.59,Low,19.39,79.85,11.37
39.3,108.4,Medium,90.62,9.13,37.71
100.84,89.02,High,52.69,7.54,92.84
14.07,41.08,Medium,56.49,1.46,26.1
71.93,87.92,Medium,68.24,42.18,64.1
69.67,70.92,Low,41.98,48.9,54.1
33.96,73.41,High,69.4,90.59,54.46
22.89,45.56,Medium,77.45,8.57,50.99
72.65,95.74,High,94.04,25.6,67.25
74.79,25.42,Medium,54.2,78.99,188.84
88.94,76.51,Medium,27.24,5.64,78.15
40.2,85.52,Medium,10.89,46.42,37.53
92.52,39.65,Low,72.32,52.59,145.04
112.61,27.0,Low,17.56,78.64,251.35
50.68,117.94,High,77.65,0.8,52.66
102.34,94.98,Low,58.23,31.58,69.83
79.7,28.82,Medium,44.22,83.46,174.91
69.75,71.77,Low,67.49,92.61,62.04
96.45,88.79,Low,63.99,47.41,52.44
39.69,24.5,Medium,37.5,1.87,112.87
36.73,96.65,Low,61.62,35.75,22.23
68.84,64.29,Medium,79.27,54.99,81.91
12.37,66.98,Low,48.22,88.38,28.83
62.1,53.19,High,42.1,13.67,84.04
48.37,49.04,Low,95.81,55.13,63.55
92.11,42.16,Low,85.71,97.64,132.58
39.4,59.25,Low,48.37,17.19,45.31
10.29,37.86,Medium,46.68,86.95,26.95
46.4,109.44,Medium,18.79,56.13,31.26
59.33,20.09,Medium,91.75,54.85,187.6
69.96,32.15,Low,46.3,75.85,129.89
108.78,47.4,Low,23.14,60.2,134.15
50.0,111.42,Medium,20.98,45.31,38.43
96.51,63.43,Low,70.6,91.21,98.7
102.15,103.07,High,51.52,70.8,86.37
90.63,75.99,Low,83.56,43.82,80.19
43.24,72.36,Low,66.0,32.61,44.43
35.24,56.18,Low,72.38,47.31,46.27
89.72,22.8,Medium,87.01,97.92,252.13
88.61,85.28,Low,45.99,57.64,62.4
50.03,119.08,Low,41.94,11.18,27.09
67.89,101.1,Low,48.67,39.08,45.32
58.81,46.44,Low,61.62,98.54,79.16
48.73,47.13,Low,69.93,99.48,51.44
63.0,76.61,Low,99.69,23.0,55.56
70.41,76.55,High,88.59,97.79,74.3
83.34,84.06,Low,96.17,74.45,59.11
55.42,39.99,Medium,82.11,49.98,86.71
28.28,62.51,Low,97.07,90.35,14.84
66.36,68.76,High,93.61,55.62,82.3
40.08,85.03,Low,81.55,32.64,24.97
58.13,33.65,Low,59.51,87.69,98.16
83.27,98.65,Low,38.65,86.52,48.86
71.3,30.68,Medium,57.21,42.35,158.42
79.93,47.37,Medium,14.1,23.36,115.85
110.4,49.28,Low,49.55,22.91,132.07
28.68,116.04,Medium,97.55,64.39,20.04
80.24,103.64,Low,28.95,34.64,49.93
99.48,47.8,Medium,19.07,10.15,134.22
7.81,80.28,Medium,39.11,2.44,19.03
39.03,55.01,Low,73.83,27.45,43.09
110.3,73.39,Medium,39.81,30.59,92.83
51.79,53.88,Low,79.17,5.29,64.98
104.23,56.74,High,58.9,90.22,125.04
9.7,118.74,Low,58.94,92.52,16.97
14.34,105.66,Medium,69.81,29.72,12.56
30.25,67.9,Medium,32.61,25.22,31.91
29.98,45.01,Low,11.76,20.17,43.31
59.56,117.02,Low,31.37,79.52,25.85
69.41,50.18,Medium,77.54,99.56,94.32
14.21,27.46,Low,98.5,80.36,33.91
111.37,119.28,High,74.83,51.21,76.46
40.44,32.21,Medium,22.96,11.92,84.84
98.98,101.97,High,46.96,11.9,76.22
23.88,98.18,Low,36.32,93.48,17.49
39.97,54.62,Low,83.65,4.0,39.23
114.09,114.33,Low,43.19,18.69,66.78
17.7,109.05,Low,44.37,79.43,11.34
47.11,68.83,Low,22.76,81.19,39.03
87.45,21.56,High,40.93,53.9,255.53
67.72,72.1,Medium,31.56,18.0,74.78
5.43,68.4,Low,56.04,17.14,4.05
39.59,51.24,Low,50.24,43.05,44.32
14.8,93.92,High,70.51,20.29,30.85
5.58,25.52,High,14.73,57.91,31.88
11.44,47.42,Low,38.41,24.33,13.65
59.26,81.17,Low,65.61,85.05,44.86
77.56,112.17,Medium,60.21,48.32,42.69
58.36,59.08,Medium,12.23,90.63,77.77
51.85,93.53,Low,59.33,45.44,25.86
119.01,43.38,Medium,23.93,48.9,171.33
30.17,68.61,High,31.22,96.43,37.67
72.73,87.26,Low,72.97,5.8,44.52
90.62,63.38,High,26.23,40.53,100.51
30.26,48.41,Low,72.21,99.96,39.69
41.43,63.97,Medium,54.63,56.79,49.41
58.71,71.69,Low,21.56,99.83,50.49
95.62,77.73,Low,44.07,26.41,83.61
49.46,55.37,Low,33.67,59.46,54.63
109.98,56.24,Low,33.37,81.4,120.44
7.39,64.81,High,69.29,66.13,26.59
48.01,65.78,Low,53.53,77.38,46.27
78.46,48.74,High,57.11,38.77,119.93
92.4,96.81,Medium,72.21,16.58,68.8
99.9,54.77,Low,99.74,0.96,112.79
9.64,58.36,Low,11.89,46.59,9.45
95.22,43.43,Low,29.85,83.16,127.31
102.43,32.6,Low,51.58,39.02,182.63
39.87,107.46,Low,37.25,23.01,17.6
114.98,48.38,High,76.19,21.91,163.32
107.9,118.71,Low,92.65,27.8,49.62
40.88,25.8,Medium,31.57,83.49,112.41
50.0,27.96,Medium,71.9,15.33,111.02
23.09,87.29,Medium,84.96,93.71,23.23
54.9,36.18,Low,91.38,90.98,92.94
97.13,104.35,Low,91.79,92.42,62.23
115.81,48.31,High,70.2,86.46,161.22
53.87,114.73,Medium,40.73,55.13,41.32
46.3,54.13,Low,29.07,31.61,43.22
86.46,111.91,Low,30.15,3.07,55.57
70.6,117.32,Low,90.74,22.54,29.78
20.21,83.36,High,88.22,22.42,38.15
60.84,93.91,Low,36.75,62.7,35.47
11.28,52.87,Medium,93.79,61.67,11.71
53.99,20.32,Low,41.49,45.79,154.32
46.71,103.08,Medium,85.37,38.46,31.4
13.4,117.61,Low,27.24,70.78,9.88
82.55,84.42,Medium,41.99,88.75,77.23
98.46,102.17,Medium,63.88,10.7,65.84
28.03,113.29,Medium,15.62,16.7,26.54
14.1,72.53,Low,88.78,6.27,14.62
27.98,45.95,High,49.9,9.65,51.37
47.35,87.44,Medium,98.69,33.32,33.49
63.28,69.62,Low,11.03,9.61,43.0
21.17,57.79,High,22.56,54.74,44.94
10.84,26.19,Low,34.74,38.71,19.04
33.33,28.07,Medium,22.86,44.3,70.08
78.85,58.28,Low,88.51,76.82,79.0
74.01,22.76,Low,10.8,56.32,196.47
94.72,71.66,High,68.39,39.61,97.91
85.3,111.56,High,45.21,8.2,73.89
7.09,22.0,Medium,14.11,42.99,34.27
97.63,83.74,Medium,21.86,67.06,89.21
55.86,101.62,Medium,98.35,16.19,46.95
67.86,54.74,Low,93.1,10.1,80.04
79.18,61.11,High,12.79,17.42,104.13
70.89,28.43,High,20.0,3.9,158.1
19.26,75.2,Medium,32.87,94.3,35.99
31.65,49.76,Low,17.9,71.07,40.83
66.69,93.63,Low,75.98,44.41,47.11
77.59,22.51,Low,63.73,32.19,208.6
25.29,100.12,Medium,40.7,26.57,26.03
67.06,84.16,High,60.98,2.35,65.95
68.65,55.53,Low,36.37,50.96,69.18
39.62,109.23,Low,21.88,4.73,16.27
100.07,37.92,Medium,87.64,78.67,166.3
114.99,98.85,Medium,20.31,25.78,95.04
35.34,27.82,Low,68.44,60.43,89.01
22.57,21.88,Low,78.82,99.24,62.64
27.71,47.5,Low,79.59,50.46,33.15
51.46,119.44,Low,77.33,58.13,24.78
72.86,55.17,Low,28.42,78.48,68.64
62.4,68.07,Low,32.54,15.65,51.18
80.88,110.22,Low,26.68,20.22,50.55
108.69,25.86,Medium,73.38,99.3,264.97
38.59,114.96,Low,100.0,31.6,13.38
79.7,50.01,Low,94.35,66.7,97.87
6.63,100.05,Medium,13.44,24.24,22.67
76.11,82.05,Low,66.15,73.18,60.97
110.36,35.6,Medium,46.42,32.05,210.01
114.0,100.54,Low,39.75,78.26,64.6
77.35,72.1,Low,96.28,27.88,71.36
74.02,75.41,Low,58.56,87.76,60.76
73.03,56.47,Low,76.61,94.77,84.8
26.7,115.69,Low,72.28,95.48,1.41
111.31,81.27,Low,65.32,0.69,80.38
56.09,43.01,High,57.0,84.84,100.88
22.71,114.62,Low,43.18,39.58,11.64
6.89,39.13,Medium,63.91,53.6,9.43
68.21,38.94,Low,47.6,73.86,112.31
103.23,91.18,High,84.63,16.27,89.63
46.5,97.97,Low,58.36,85.82,25.02
119.51,70.29,High,41.93,76.16,128.05
16.19,91.02,High,30.49,21.22,24.33
110.67,113.04,Low,14.03,30.13,56.24
110.95,118.45,High,35.1,89.94,80.34
106.66,57.13,High,66.52,66.44,137.71
92.34,96.23,High,60.93,33.98,74.99
19.68,77.87,High,49.67,50.05,41.18
44.33,98.05,Low,41.31,60.44,26.68
45.24,77.1,Low,31.75,63.51,32.88
76.03,20.49,Low,46.6,80.08,228.51
85.42,22.5,High,70.75,5.24,257.73
106.45,115.67,Medium,71.84,99.85,65.29
20.83,32.72,Medium,12.74,84.05,41.82
23.51,44.59,Low,51.5,77.75,38.84
90.69,50.67,Medium,68.87,60.68,129.17
56.34,82.5,High,68.05,50.83,58.59
26.23,51.24,Low,79.69,29.39,35.73
78.27,119.53,High,26.42,68.21,54.93
55.4,30.16,Low,51.02,55.85,105.87
25.36,20.19,Medium,51.22,36.53,90.44
98.24,64.99,High,44.05,48.66,113.24
30.39,67.5,Low,80.7,17.56,28.18
110.11,69.02,Low,11.86,12.0,95.41
55.1,23.46,High,37.37,16.45,157.61
81.38,43.44,Low,29.14,88.81,111.11
23.37,43.45,High,57.91,58.03,55.57
52.08,101.26,Low,86.6,21.18,30.3
85.15,109.25,High,21.31,9.34,60.81
14.84,86.4,High,46.44,68.21,30.41
69.84,96.93,Low,65.82,19.73,49.54
108.33,76.91,Low,49.44,47.05,86.37
24.34,26.03,High,95.9,8.21,71.89
101.3,23.74,Medium,63.86,78.28,263.93
34.26,107.69,High,58.32,64.03,28.25
48.84,45.72,Low,86.04,17.92,67.13
82.71,102.19,Medium,20.93,9.08,62.37
79.91,114.55,Medium,38.22,38.01,52.93
28.6,116.91,High,84.91,13.25,36.87
82.17,52.75,Low,10.57,21.13,101.29
17.32,52.07,Medium,81.07,87.1,26.57
99.0,57.5,Medium,82.87,83.4,114.37
85.36,36.77,Medium,66.08,12.1,142.36
43.87,31.49,High,77.48,51.3,104.6
59.81,81.42,High,19.57,6.01,64.04
117.88,66.97,Low,23.22,0.69,99.67
13.79,52.85,Medium,61.08,51.87,26.48
21.76,66.93,Low,82.34,94.09,25.61
46.74,56.18,Low,71.74,85.74,53.02
98.59,81.26,Low,76.78,35.27,72.9
46.22,73.57,Medium,28.46,83.58,58.92
10.78,71.67,Low,79.96,96.02,4.42
108.23,114.43,Low,64.12,80.77,48.88
24.93,69.85,Low,73.08,48.03,17.45
17.58,55.67,Medium,85.88,36.79,31.71
39.22,29.59,Medium,81.02,93.62,90.32
18.47,57.41,Low,68.61,1.78,19.77
65.51,31.93,Low,31.81,93.13,131.1
64.18,114.95,Medium,55.93,15.81,41.51
85.9,55.0,Medium,39.31,58.93,101.24
91.52,90.37,High,60.86,91.83,78.81
82.43,76.4,Low,76.85,62.24,65.47
40.75,51.91,High,63.61,72.46,71.15
25.44,89.38,Low,29.71,66.48,12.39
75.59,82.97,Low,74.41,0.69,46.99
30.35,75.58,High,80.48,24.62,47.58
33.1,87.36,Low,95.3,29.83,19.92
90.71,29.18,Low,27.23,2.84,176.41
24.21,33.77,High,35.71,52.07,62.74
21.54,49.36,High,15.86,13.75,42.5
32.27,64.61,Low,31.33,31.64,38.64
34.29,33.66,High,45.02,23.35,81.46
5.24,32.29,Medium,96.14,51.49,17.64
116.05,83.12,Low,26.95,42.66,94.32
118.76,59.51,High,57.5,48.44,140.2
88.03,28.36,Low,61.85,9.75,180.42
67.52,85.05,Low,46.48,84.39,45.98
28.51,30.98,Medium,81.77,93.15,64.7
99.55,59.34,Medium,77.46,52.98,105.93
87.02,71.05,Low,20.04,7.52,77.43
110.32,23.97,Medium,47.6,40.3,276.98
97.61,47.51,Medium,52.38,71.59,131.36
30.78,74.93,Low,62.91,51.03,29.61
102.8,96.24,Low,59.44,23.1,66.05
65.72,40.12,High,96.84,4.91,121.56
12.64,100.97,Low,17.12,1.37,5.51
21.5,89.2,Medium,92.41,38.5,20.61
119.85,20.66,Low,21.86,36.27,351.15
98.41,116.02,High,58.29,47.53,69.52
15.53,99.12,Low,51.59,86.85,8.87
49.1,110.18,Medium,88.14,72.62,40.37
117.44,107.15,Low,80.46,51.58,69.87
71.04,45.65,Low,96.26,93.16,97.12
26.79,104.93,Low,35.44,43.31,16.87
6.16,76.0,Low,12.77,68.9,0.57
70.27,52.36,Low,65.56,35.46,92.41
116.79,65.02,Low,37.22,21.55,102.66
64.37,53.36,Medium,73.59,39.55,85.45
56.12,20.35,Low,21.98,74.95,160.15
39.34,78.14,Medium,79.58,2.61,28.66
100.6,111.05,High,68.02,3.96,67.35
37.8,21.62,Low,17.73,43.84,106.74
108.31,42.82,Low,83.93,49.43,147.45
88.81,26.27,Medium,86.22,29.68,212.89
28.73,102.01,Medium,42.67,99.44,30.35
39.01,21.7,Low,83.19,66.77,101.42
96.7,46.52,Low,89.27,75.32,125.92
28.02,101.42,Medium,65.36,30.75,23.17
8.01,106.1,Medium,22.66,23.05,9.88
67.46,33.61,Low,19.13,34.91,126.03
71.44,62.15,High,19.71,12.58,94.21
22.48,33.52,Low,15.19,30.79,39.79
36.34,93.03,Low,29.89,14.71,26.29
9.21,88.17,Low,28.83,9.43,2.5
10.9,108.26,Medium,20.3,39.68,24.86
11.57,78.67,Low,37.36,17.76,7.67
47.82,58.49,Low,76.14,35.28,54.11
34.31,89.83,Low,37.72,58.89,27.06
23.93,35.75,Medium,49.96,48.06,51.9
44.09,64.64,Low,18.05,32.67,36.16
105.23,76.06,High,10.59,81.12,108.65
21.07,55.12,High,58.31,72.11,42.67
66.31,27.49,Low,26.71,98.89,148.84
83.77,84.96,Low,82.95,62.46,50.98
76.57,92.61,Medium,30.61,38.19,49.11
7.19,30.62,Low,49.12,4.85,26.03
107.05,88.16,Low,74.76,57.53,72.11
103.64,43.8,High,81.16,49.5,158.69
28.99,83.39,Low,15.57,60.22,17.85
83.09,63.53,Medium,84.46,36.82,88.8
99.14,102.06,High,49.79,81.19,77.56
108.2,96.61,Low,32.16,73.26,64.68
90.27,82.33,Medium,61.26,45.02,78.36
70.79,71.89,Low,64.73,69.11,59.92
42.12,85.71,Low,36.21,67.37,29.43
8.72,93.13,Medium,55.32,29.17,20.69
41.48,118.38,High,37.7,75.93,50.57
118.66,54.41,High,58.93,46.54,149.52
96.06,102.68,Medium,72.69,48.47,73.23
15.93,25.16,Low,34.92,1.14,38.26
99.33,71.35,Medium,94.04,64.29,97.74
23.66,99.75,High,42.15,28.39,30.3
73.92,83.78,High,47.67,21.17,73.26
40.81,94.87,Low,70.35,78.08,11.77
66.29,104.76,Medium,74.71,79.9,50.25
58.67,29.15,Medium,27.44,1.16,129.89
108.36,89.24,Low,46.72,8.3,82.24
30.05,42.09,Low,83.92,39.51,38.33
31.59,119.08,Low,58.18,29.03,16.09
90.49,88.3,Low,16.13,21.71,57.42
81.27,21.72,Medium,84.75,63.96,233.08
69.19,60.78,High,96.71,51.36,93.75
34.33,46.98,Medium,17.76,93.6,46.57
11.8,67.22,Medium,77.55,78.92,22.05
25.45,118.15,Medium,20.66,25.91,30.23
79.23,46.48,Low,50.23,35.34,104.83
106.25,88.35,Low,52.1,30.08,74.27
69.74,70.65,Low,73.51,68.59,63.36
119.08,64.93,Low,65.76,61.09,117.25
83.03,71.7,Low,45.1,33.77,63.95
93.02,39.9,Low,77.01,32.83,134.87
35.26,47.41,Low,87.07,18.63,57.35
94.76,63.5,Low,51.06,11.67,92.26
27.49,80.14,Low,89.13,53.9,16.48
88.49,92.22,Low,27.47,1.95,58.44
71.39,60.13,High,77.17,2.1,95.39
119.07,29.36,High,57.67,38.29,264.14
96.01,38.07,Medium,54.52,39.6,162.77
70.47,29.89,Low,40.27,65.33,134.81
77.55,76.46,High,18.52,40.52,82.48
60.08,88.75,Medium,89.7,86.71,54.74
21.19,81.44,High,72.29,57.94,40.01
42.85,109.22,High,38.5,56.11,43.1
94.2,77.99,Low,26.57,50.18,81.32
77.8,73.09,Low,27.74,26.36,59.38
17.1,67.05,High,10.8,19.61,36.23
117.8,62.76,Medium,16.03,6.6,124.11
46.95,91.68,Medium,17.51,21.69,31.81
94.53,46.01,Medium,65.8,89.81,127.49
34.84,66.51,Medium,24.86,88.18,44.78
7.65,101.45,Medium,98.99,92.23,15.88
80.26,43.07,Low,57.57,48.29,105.95
116.46,44.51,Low,87.83,57.03,155.47
85.38,31.71,High,48.43,29.44,184.55
8.69,54.79,Low,12.46,77.38,7.69
5.38,88.09,Medium,37.84,50.14,10.86
19.07,29.28,Low,45.08,91.31,39.88
88.94,99.57,Low,15.37,6.45,55.54
90.52,115.6,Low,96.81,9.96,44.97
26.56,99.23,High,78.42,39.48,32.88
119.21,54.43,Medium,47.33,14.86,145.96
114.73,98.48,High,54.08,3.88,94.78
73.52,45.02,Low,14.72,1.18,92.47
109.45,79.22,Low,47.73,97.04,87.96
86.93,83.37,Low,35.02,13.8,68.02
94.88,66.2,Medium,36.37,96.74,104.46
45.49,66.09,Medium,74.06,47.94,57.42
32.6,35.22,Low,61.48,30.37,52.79
99.82,58.62,Low,23.84,94.93,93.18
37.62,108.2,High,56.3,4.92,47.98
46.74,105.43,Medium,67.17,39.71,32.84
35.95,114.93,Medium,21.5,86.88,28.83
8.0,35.35,Medium,81.71,59.9,23.85
64.57,24.34,High,28.26,91.34,187.33
53.23,61.86,Low,91.43,58.27,45.83
91.35,47.1,Low,54.53,93.45,119.44
28.12,101.66,Medium,84.74,78.05,31.94
68.52,117.99,Low,54.69,7.89,28.98
74.47,116.09,Medium,80.7,33.4,45.08
60.86,77.36,Medium,87.05,14.46,64.04
31.78,99.81,Low,44.51,92.53,25.26
13.96,71.4,Low,99.38,11.11,6.88
111.3,37.79,Medium,97.84,57.98,190.63
15.43,52.31,Low,10.36,49.91,19.56
56.73,87.25,Low,40.12,96.78,38.52
50.3,86.85,Low,58.71,40.45,30.82
111.32,86.5,Low,55.23,83.44,75.55
69.75,92.75,Low,33.49,15.71,61.66
37.43,100.46,High,85.84,33.0,38.77
67.43,68.2,High,31.71,39.85,76.76
50.86,64.79,Low,54.1,75.44,50.24
68.0,86.47,Medium,37.8,16.69,47.1
106.83,80.48,Low,80.14,36.51,71.56
81.62,82.44,High,98.1,76.3,81.0
16.48,108.63,High,68.34,70.97,37.62
86.67,93.08,Medium,34.34,46.59,61.2
47.94,104.36,Low,36.42,63.76,37.75
23.46,118.7,Medium,44.95,19.6,28.73
85.36,65.17,Low,10.03,67.5,89.98
5.31,100.24,Low,48.34,44.24,0.0
24.14,118.57,Medium,32.86,92.24,15.31
66.87,114.63,Low,59.78,64.75,35.14
62.14,54.13,Low,88.09,67.03,71.33
7.02,98.2,Low,50.98,86.9,0.0
62.34,41.31,Medium,83.84,17.37,103.89
41.11,54.97,Low,96.16,97.38,47.11
96.64,111.88,Low,40.16,43.42,51.95
98.74,55.54,High,82.1,48.42,121.12
35.19,108.73,Low,78.81,93.51,21.52
67.18,70.87,Low,93.83,71.47,66.32
5.0,51.23,Low,94.09,34.39,10.25
98.07,51.24,High,85.69,33.54,134.89
10.23,36.03,Low,51.03,58.72,17.02
34.47,76.1,Medium,71.0,21.49,36.55
45.89,23.92,Low,28.89,89.81,112.78
114.6,48.97,Low,46.58,93.44,138.8
99.36,108.82,Low,83.82,95.82,59.87
97.1,27.69,Medium,25.67,16.1,215.76
6.74,22.26,Low,43.95,58.66,17.88
93.61,31.17,Low,18.12,54.47,180.23
92.98,119.67,Low,28.27,94.43,44.14
58.22,67.06,Low,39.98,17.56,51.99
50.31,119.03,Low,78.32,21.47,26.94
107.08,93.62,Medium,26.49,46.64,75.31
29.89,106.95,Medium,38.75,57.27,25.68
65.96,50.01,Low,98.46,37.78,82.78
105.42,63.86,Low,45.47,67.95,101.36
19.59,83.93,Low,72.86,4.98,16.91
67.5,33.51,High,35.95,57.21,133.67
91.42,28.96,Low,19.28,35.4,197.28
35.63,89.43,Medium,49.26,60.11,29.54
81.68,31.63,High,43.7,48.71,168.87
29.21,54.37,Medium,54.27,60.49,45.58
37.48,62.97,Medium,77.24,83.32,52.52
44.85,119.64,Low,67.33,13.95,29.94
100.88,119.46,Low,21.53,56.69,52.19
46.84,68.49,Medium,21.79,59.9,53.72
14.05,94.86,Low,52.03,56.12,17.02
103.44,51.09,High,79.01,40.03,140.6
64.71,103.28,Low,42.13,22.15,42.51
45.05,77.67,Medium,72.17,89.53,49.03
104.2,24.82,Medium,16.82,88.86,260.71
70.94,66.31,High,74.21,35.69,90.06
116.3,36.11,Low,27.03,58.32,191.71
70.5,94.13,Low,21.86,67.04,47.96
49.1,26.34,Low,67.37,29.29,112.67
40.37,59.91,Medium,53.8,15.9,46.58
48.93,59.06,Low,42.56,38.15,55.62
58.54,44.73,Medium,19.8,80.8,100.47
43.57,24.66,High,71.91,91.03,124.86
92.97,44.24,Low,71.06,51.72,123.98
23.48,46.18,Medium,40.01,49.84,42.21
111.96,112.11,High,38.34,70.86,81.89
31.15,50.34,Medium,88.93,42.67,46.67
85.69,51.41,Medium,74.0,84.4,108.71
119.83,24.8,Low,47.79,4.28,295.09
37.0,52.88,Low,52.61,64.61,35.33
91.57,66.65,Low,55.56,51.54,80.28
26.83,25.32,High,18.23,1.16,80.8
31.5,97.36,Medium,82.08,64.84,25.5
74.55,20.0,Low,49.7,95.94,221.99
38.45,53.13,Medium,49.36,47.7,50.73
114.36,24.98,Low,26.58,79.12,278.3
116.16,26.12,Medium,68.3,29.31,279.09
47.37,94.56,Low,91.87,4.09,28.36
51.52,32.85,Medium,10.68,78.35,95.42
87.47,99.01,Low,61.5,37.12,47.59
69.7,61.36,High,55.97,86.68,83.23
91.03,105.91,Low,83.37,8.24,53.57
28.75,50.26,Medium,31.62,27.14,50.6
31.23,24.9,High,43.87,60.26,92.45
30.29,35.37,Low,62.76,86.49,56.63
23.9,43.33,Medium,29.25,6.8,43.71
46.65,88.21,Low,89.69,11.22,27.08
20.83,40.59,Low,90.17,21.56,23.91
72.48,108.22,Low,89.31,43.61,41.07
114.22,66.65,Medium,39.16,52.25,108.39
68.04,109.98,Low,42.04,52.35,35.24
91.63,109.39,Low,95.77,65.69,56.42
45.47,25.86,Low,99.23,96.7,104.53
70.87,68.78,High,33.81,44.62,89.04
82.68,112.53,Medium,90.44,12.55,52.73
99.03,57.28,Low,92.57,83.9,110.25
78.12,25.81,Low,80.1,83.79,188.68
87.42,56.1,Medium,86.14,53.41,111.44
98.22,84.68,Low,94.81,86.91,67.71
96.41,75.91,Medium,40.87,59.35,81.8
107.39,58.7,Low,48.22,60.71,104.78
31.87,84.15,Low,22.29,80.27,21.57
32.74,108.06,Low,12.48,43.44,25.88
45.55,102.87,Low,15.65,57.39,26.16
57.26,58.79,Low,75.55,40.54,57.6
86.82,67.12,High,63.41,9.21,88.02
19.74,52.98,Low,57.59,25.87,20.43
31.32,83.61,Medium,74.91,8.47,31.58
72.21,79.66,Low,54.99,25.52,52.6
15.97,108.87,Low,72.54,37.66,9.71
109.55,35.91,Medium,82.3,2.23,191.49
77.53,52.84,Low,23.35,28.72,84.42
40.41,49.62,Low,55.05,28.21,44.77
65.35,119.56,High,63.81,18.52,48.68
38.32,20.87,Low,15.65,62.45,112.23
74.97,79.27,Low,92.73,77.46,59.87
13.79,72.14,Low,22.08,19.57,11.09
102.46,66.83,High,75.52,74.82,115.65
31.86,44.38,Low,21.05,42.89,46.46
7.23,113.38,Low,74.26,74.38,0.0
78.71,57.12,Medium,24.47,66.13,99.15
81.53,108.27,High,39.93,70.61,62.86
73.35,20.05,Low,30.74,7.76,208.88
56.21,27.72,Medium,86.4,71.17,141.35
13.59,82.36,Low,50.03,62.61,6.86
51.13,26.99,Medium,48.43,64.88,114.92
103.04,68.18,Low,15.22,46.96,95.58
34.05,39.39,Low,12.93,64.03,49.2
40.92,41.84,Medium,27.82,72.09,71.31
58.35,74.21,Medium,48.04,27.9,63.98
37.75,93.92,High,66.42,35.75,52.64
40.11,98.4,Medium,76.98,42.02,32.98
46.69,77.14,High,13.67,31.33,63.1
62.39,73.84,Low,51.94,86.86,55.75
62.26,116.02,High,10.58,73.87,59.87
73.51,70.73,Low,38.17,40.34,59.72
30.53,81.67,Medium,92.8,14.08,31.07
32.07,49.82,Medium,70.72,83.03,51.46
72.38,70.6,High,86.28,42.79,75.65
23.55,73.48,Low,68.8,78.33,18.7
58.81,104.48,Medium,54.7,44.84,50.9
18.17,27.39,High,25.04,54.87,66.46
52.88,32.89,Medium,15.15,77.58,104.58
113.37,69.97,Low,73.31,36.1,97.1
7.89,47.19,High,86.3,61.91,43.13
112.61,81.83,High,44.74,42.32,107.81
98.52,81.23,Medium,79.47,82.61,74.59
20.48,102.03,High,53.96,12.26,25.06
52.05,74.34,Low,84.07,57.46,44.84
86.18,44.14,Low,98.76,38.9,113.16
70.64,63.46,Medium,53.09,56.43,83.15
105.61,57.29,Low,82.01,41.58,116.96
36.12,118.51,Low,45.27,31.8,16.87
16.16,94.8,Low,60.32,81.84,8.63
80.01,61.25,High,17.16,82.52,90.28
5.6,67.26,High,93.44,41.84,33.94
22.35,52.0,High,25.19,90.62,39.97
53.72,56.34,Low,29.32,42.67,56.46
56.27,112.26,Medium,97.63,25.89,46.7
14.25,113.42,Low,99.19,76.76,9.32
10.92,77.49,High,16.69,18.94,35.93
59.66,75.5,Low,68.61,84.25,47.77
65.85,84.34,High,47.91,27.75,72.06
61.66,51.6,Low,31.17,23.46,72.23
33.45,45.59,Low,98.23,20.48,50.44
56.63,113.29,Low,47.13,24.88,25.0
43.28,35.79,Medium,83.87,61.88,78.45
23.45,62.24,Low,37.53,13.32,23.11
44.82,87.8,High,60.0,23.7,52.5
31.34,115.09,Medium,34.05,33.93,23.99
29.91,87.94,Low,58.25,59.81,21.48
57.46,39.13,High,49.71,30.56,103.76
56.95,111.07,Medium,39.2,98.7,42.07
14.15,48.08,High,60.17,63.08,41.23
98.73,72.42,Low,34.75,32.5,84.19
106.76,75.67,Medium,80.31,4.42,98.62
77.86,83.59,Low,74.1,25.75,57.67
36.79,21.2,Low,84.33,54.86,103.53
117.9,101.14,Low,69.22,53.0,79.03
63.86,26.29,Medium,63.51,26.72,152.85
60.7,56.12,Medium,39.54,44.52,79.12
111.78,116.63,Low,97.56,87.84,65.05
43.74,84.44,Low,72.99,16.89,34.53
111.32,101.68,Low,28.33,19.65,67.26
73.03,96.59,High,62.81,73.87,57.96
91.5,73.32,Low,18.52,61.14,75.26
55.31,42.58,Low,19.91,66.71,81.32
44.52,85.0,Medium,80.34,37.62,40.61
34.29,80.38,Low,34.89,1.67,24.72
6.45,79.33,Medium,50.75,0.55,15.68
113.45,20.91,High,86.34,71.12,354.05
22.09,57.8,Low,91.64,94.22,26.62
87.15,74.07,Low,91.86,87.69,65.63
83.87,104.78,Medium,50.34,27.78,62.5
79.59,60.49,Low,83.69,37.92,85.8
38.12,97.55,Low,48.93,15.83,27.78
72.98,37.74,Medium,89.66,44.68,124.0
64.2,100.66,Low,74.56,49.05,45.22
56.8,78.35,Low,45.24,46.82,49.3
99.08,117.7,Low,13.36,66.92,50.21
21.02,43.84,Medium,76.95,93.73,44.8
102.96,50.58,Medium,16.11,18.84,134.43
56.82,64.07,Medium,72.97,98.33,68.49
9.21,48.81,Low,32.23,45.46,12.6
112.27,71.74,Medium,85.15,20.19,104.55
40.06,73.87,Medium,56.36,33.88,43.82
115.26,25.66,Low,74.79,31.31,269.77
114.56,103.02,Low,90.81,13.14,60.6
92.52,119.65,High,27.19,30.28,57.99
112.56,33.58,Low,10.14,80.22,197.42
118.43,111.65,Medium,72.84,63.35,74.47
21.05,42.01,High,79.99,57.83,45.75
107.01,55.22,Medium,32.88,51.92,125.99
18.59,45.78,Low,14.22,34.6,17.93
36.74,115.31,Medium,83.04,88.85,35.08
5.8,116.84,Low,41.17,22.1,6.15
24.02,80.19,Low,54.66,97.77,19.48
56.89,118.09,Medium,41.78,79.94,38.13
102.64,91.34,High,14.99,73.41,88.49
79.43,78.23,Medium,94.36,62.16,64.83
9.69,77.66,Medium,92.13,57.43,24.61
84.46,59.04,High,82.39,20.76,109.98
90.58,34.61,Medium,84.92,93.11,164.61
44.65,39.41,Low,81.47,41.72,67.49
41.48,31.24,Low,28.68,49.45,82.05
36.43,116.19,Low,60.96,15.04,22.07
49.12,74.12,Low,74.87,24.96,37.83
44.44,105.6,Low,28.0,64.37,27.81
49.03,77.41,Medium,78.81,23.89,37.7
65.37,56.18,High,66.38,45.26,96.55
91.63,66.73,Low,75.26,40.31,78.91
29.4,62.3,Low,92.33,59.3,28.61
12.29,95.44,High,49.62,21.53,24.66
28.03,91.49,High,29.03,97.33,33.56
92.46,116.8,Medium,63.72,47.69,66.35
27.83,21.57,Medium,87.41,88.1,84.08
75.41,59.75,Low,47.89,21.06,77.05
53.16,103.01,Medium,81.39,24.0,45.29
107.92,109.66,High,26.76,68.41,76.92
6.94,114.01,Medium,27.84,51.41,6.55
7.37,85.63,High,14.52,65.47,25.93
109.68,27.95,High,53.26,69.97,251.48
96.47,78.19,Medium,41.15,21.56,82.4
80.64,95.57,Low,94.43,16.95,49.02
41.36,76.14,Medium,42.23,23.8,40.05
99.41,118.34,Low,95.73,8.3,54.53
25.38,118.88,Medium,94.43,53.72,30.64
84.31,21.37,Low,76.16,94.71,234.43
53.56,80.03,High,17.11,77.84,56.47
64.38,57.47,Medium,54.08,71.87,76.48
111.9,68.3,Low,33.78,40.95,104.2
11.52,28.54,Medium,19.19,47.83,37.41
8.62,22.56,Low,40.82,6.98,28.78
116.22,94.03,Low,85.05,26.42,75.24
51.18,78.88,High,22.88,24.79,55.91
61.39,53.3,Medium,66.25,4.92,81.96
111.92,77.63,Low,78.57,96.9,93.3
81.3,32.16,Medium,25.54,29.2,156.2
25.46,50.78,Low,94.53,1.84,31.27
114.01,76.84,Low,65.13,3.66,91.69
98.91,78.77,Low,38.09,17.66,72.2
96.2,92.5,Medium,57.39,5.21,74.61
7.51,40.3,High,56.02,22.8,31.22
42.01,42.85,Low,68.87,76.65,57.75
5.43,78.18,High,81.47,68.22,17.72
21.65,85.42,Low,87.32,33.59,11.07
105.41,113.24,Low,97.24,61.49,53.21
60.18,58.14,Low,12.88,94.46,63.45
6.96,88.37,Low,90.72,84.9,0.0
95.83,78.58,Medium,57.07,71.44,85.19
44.14,45.23,High,93.5,93.65,75.94
5.91,51.45,Low,66.14,19.95,9.86
90.81,112.87,High,61.97,6.22,70.66
101.54,32.0,High,46.82,88.61,215.33
96.07,100.87,Medium,29.86,18.72,70.2
16.11,107.56,Low,97.27,53.87,1.78
35.49,97.95,Medium,56.51,28.18,33.53
56.26,47.27,High,62.18,59.28,95.44
95.32,24.73,Medium,32.6,33.61,239.21
71.71,46.12,Low,75.19,70.93,93.36
12.01,31.77,Low,46.26,59.16,26.24
84.16,95.87,Low,45.94,93.1,54.68
16.92,22.94,Medium,88.99,10.44,48.7
36.9,79.61,Medium,54.62,12.89,46.37
11.49,90.16,Low,25.78,4.3,0.0
116.3,62.88,Low,29.22,84.75,115.29
76.84,24.58,High,92.17,78.03,204.42
59.98,65.88,Low,65.32,52.5,53.91
21.84,24.17,Low,41.89,90.36,56.42
18.03,104.9,Medium,79.29,67.95,20.43
74.41,108.95,Low,47.78,84.65,50.97
24.63,72.03,Low,79.78,48.92,16.71
28.07,60.27,Low,98.25,10.6,30.63
20.94,88.8,High,27.53,77.9,37.34
113.13,54.24,Low,73.26,33.28,125.68
85.82,83.71,High,27.61,11.36,81.37
66.31,33.61,Low,88.67,98.29,119.76
68.81,25.26,Low,18.39,88.65,158.22
75.42,63.72,Medium,86.04,12.53,86.64
92.13,30.98,Medium,23.26,55.2,191.04
54.35,38.59,Low,87.24,94.47,84.1
27.27,116.35,Medium,13.2,70.35,24.13
37.24,61.94,High,28.25,39.3,55.81
32.25,25.41,Low,10.48,4.56,79.58
110.8,74.77,Medium,94.4,2.94,96.22
99.91,36.84,Low,57.59,82.79,159.29
38.86,25.51,Low,96.74,57.35,90.07
37.43,80.62,Medium,91.11,24.41,45.73
60.38,20.05,Low,35.79,2.26,190.62
110.42,65.63,Low,47.36,31.69,99.18
114.71,66.81,Medium,35.36,72.06,116.97
41.45,26.06,High,84.25,7.95,111.14
31.23,108.22,Low,55.45,13.32,21.98
67.24,65.07,Low,40.86,43.72,57.71
105.75,54.71,Low,98.01,87.79,115.37
7.71,108.29,Medium,18.65,63.77,13.46
49.9,114.38,Medium,16.58,7.35,36.74
74.0,31.02,Medium,55.46,14.67,155.3
85.19,31.27,Medium,33.87,16.54,173.81
74.76,58.76,High,64.57,81.34,106.92
54.0,72.36,Low,15.64,69.72,52.08
40.18,69.69,Low,36.78,82.86,34.55
114.9,76.11,Low,81.31,85.5,89.75
9.23,67.79,Medium,22.36,82.87,23.62
32.9,51.37,Medium,70.9,1.2,53.19
75.89,102.54,Low,51.53,18.31,53.29
64.98,107.01,Low,55.57,93.74,32.16
77.86,115.1,Medium,95.92,77.02,52.9
45.75,32.54,Medium,90.95,28.87,100.27
48.04,58.74,Medium,26.76,21.83,58.47
31.28,30.03,Low,20.17,98.16,65.24
117.67,29.7,Low,13.09,82.49,253.06
19.78,22.26,High,78.98,9.23,68.44
55.66,29.66,Low,44.85,35.97,114.92
83.74,67.96,Medium,24.27,90.09,71.76
67.39,79.39,Low,77.76,33.13,47.48
56.55,73.46,Low,58.93,96.85,43.33
107.3,24.33,Low,41.37,1.18,258.69
96.06,57.76,Medium,75.71,81.13,103.26
95.14,68.17,Low,52.41,88.22,79.44
46.9,42.29,High,59.79,10.38,86.77
53.95,62.44,Medium,43.17,26.86,55.14
6.82,43.86,Medium,37.37,64.27,20.08
33.11,43.2,Medium,83.07,13.42,56.02
59.15,37.26,Medium,68.85,52.63,111.7
47.7,55.24,Low,34.53,50.84,49.5
93.79,62.04,High,43.76,68.07,114.25
11.83,105.55,Low,14.2,93.41,3.41
101.82,94.13,Medium,11.3,95.29,78.71
41.23,97.41,Low,41.82,63.3,33.36
107.49,91.84,Low,12.12,29.48,72.07
73.57,26.56,Medium,88.42,58.83,169.56
95.86,101.17,Low,96.24,74.1,60.77
75.68,22.84,Low,88.48,3.09,196.65
116.76,116.76,Low,86.14,33.82,51.4
92.72,57.38,Medium,69.72,72.57,105.36
70.97,102.71,Low,99.26,49.7,39.24
49.4,104.35,Medium,32.86,1.06,40.09
104.98,84.54,Medium,13.61,21.35,79.29
9.49,68.54,High,95.8,22.03,25.42
16.93,61.99,High,55.62,88.75,31.6
68.98,85.42,Medium,10.96,3.82,49.96
30.37,113.04,High,68.35,76.09,33.38
43.08,58.12,Low,10.03,7.18,41.92
41.84,72.44,Medium,75.97,37.27,47.86
50.96,59.54,Low,13.31,8.48,50.76
47.25,84.59,High,22.18,99.83,51.42
114.02,42.6,Low,95.17,67.73,161.8
34.63,93.96,High,20.04,33.13,42.28
96.52,68.91,High,84.66,68.17,98.57
93.84,26.7,Low,31.19,88.24,209.28
40.75,95.67,High,66.42,88.0,38.21
14.31,103.04,Low,86.72,42.65,5.07
76.49,70.47,Medium,98.52,60.88,70.16
109.05,23.16,Low,84.86,33.12,285.69
37.91,26.85,Low,24.4,47.12,90.96
29.21,89.8,Low,73.82,85.26,11.42
60.18,39.78,Low,92.73,59.22,99.09
51.17,31.86,High,91.26,1.42,110.19
6.58,33.12,Medium,67.0,0.4,32.11
66.69,75.68,Low,94.73,46.22,51.17
20.96,60.49,Low,33.89,46.2,19.43
63.6,38.44,Medium,81.83,26.29,112.21
37.03,31.22,High,78.17,90.06,88.39
50.52,45.62,Low,18.34,85.49,65.25
44.3,70.75,High,46.08,43.9,56.38
27.35,82.98,Low,12.46,53.61,22.8
105.75,110.23,Low,10.35,6.71,62.79
36.24,33.71,Low,44.81,0.5,64.23
21.01,93.01,Medium,78.24,90.93,28.0
21.38,65.15,Medium,13.92,13.15,28.06
24.72,97.69,Low,48.69,31.48,15.72
114.77,115.02,Medium,89.42,33.34,73.88
38.87,85.79,Low,80.71,96.74,32.04
41.71,63.3,High,94.39,73.15,63.58
70.99,88.34,Medium,40.78,66.08,47.1
44.68,53.08,High,49.17,30.86,73.21
19.81,38.81,Low,94.73,6.21,20.2
63.48,117.28,Low,40.42,46.57,34.05
86.62,78.71,Low,73.23,91.78,72.2
13.75,82.71,High,91.22,81.15,23.75
14.25,99.0,Low,61.92,27.87,3.58
39.82,27.91,Low,37.08,77.19,93.92
113.48,22.2,Medium,62.68,5.4,308.89
50.89,45.86,Low,70.4,44.57,62.09
15.3,110.48,Low,72.63,73.51,14.59
18.51,62.01,Medium,52.8,13.11,28.05
79.06,88.1,Medium,58.86,95.55,56.55
119.7,74.04,Low,38.31,22.89,101.04
107.66,95.98,Medium,16.16,76.28,76.63
71.88,59.57,Medium,88.53,12.31,80.59
65.03,82.16,Low,36.06,48.6,49.78
15.25,103.05,Low,90.96,56.81,10.25
60.44,43.9,Medium,95.99,29.21,90.38
115.59,79.86,Low,23.37,93.55,102.21
111.04,26.95,Low,22.12,31.02,247.96
101.12,95.4,Medium,13.04,60.39,81.12
58.39,92.22,Medium,20.85,41.69,40.06
23.49,51.67,Low,57.82,8.66,33.73
61.58,25.07,Medium,56.86,85.61,157.16
94.06,78.61,Low,56.15,62.41,61.03
82.96,104.1,High,30.26,57.71,62.77
6.78,87.94,High,94.62,89.97,25.5
14.45,92.68,Low,29.11,87.9,13.18
66.89,93.06,Medium,48.06,29.05,47.08
45.72,103.39,Low,68.54,60.02,22.16
21.19,69.46,Low,40.24,66.31,13.15
78.84,43.77,Low,37.94,56.22,99.9
104.9,30.39,Low,40.45,37.89,205.81
110.27,34.46,Medium,85.24,76.15,198.81
86.03,88.75,Low,43.04,10.31,65.42
71.66,57.34,Medium,56.78,61.3,82.1
112.12,99.05,Medium,44.01,57.61,85.01
83.71,60.33,Low,21.51,81.22,79.02
99.37,118.35,High,21.3,73.66,68.91
105.71,88.84,Low,46.47,63.19,70.25
56.27,31.6,Low,22.32,0.49,103.58
53.96,117.93,Low,85.37,33.15,26.77
64.58,66.92,Low,33.87,71.35,62.29
115.88,39.37,Medium,41.83,60.28,190.0
26.0,70.06,High,91.4,11.88,51.75
107.9,38.78,Low,36.25,70.48,162.75
99.67,49.67,Low,35.63,37.29,118.68
50.12,66.81,Low,76.86,92.56,38.93
12.63,84.19,High,49.84,63.39,23.93
37.93,95.52,Low,86.19,38.28,23.47
96.06,60.05,Low,98.36,50.47,101.06
34.25,20.99,Medium,71.64,46.96,110.43
68.76,39.54,Low,90.54,36.67,104.41
54.65,115.37,Medium,20.71,48.44,39.68
95.16,85.43,Low,46.66,73.46,57.5
9.97,34.41,High,82.65,15.09,41.08
64.12,84.51,Low,86.35,39.11,34.74
111.63,42.06,Low,32.8,90.2,161.47
115.23,21.75,Low,43.89,26.13,323.21
78.28,35.53,Medium,60.81,19.03,146.01
98.2,117.75,Low,66.04,74.18,65.89
28.01,43.71,Low,64.87,49.67,31.5
110.69,96.87,Low,36.55,45.45,69.36
60.0,85.08,High,42.47,3.18,61.36
78.13,106.16,Medium,13.0,89.78,55.0
53.14,30.88,Low,18.32,35.81,94.88
